#
# A fatal error has been detected by the Java Runtime Environment:
#
#  EXCEPTION_ACCESS_VIOLATION (0xc0000005) at pc=0x00007ffb77f8b3d9, pid=24104, tid=23684
#
# JRE version: OpenJDK Runtime Environment Temurin-25.0.2+10 (25.0.2+10) (build 25.0.2+10-LTS)
# Java VM: OpenJDK 64-Bit Server VM Temurin-25.0.2+10 (25.0.2+10-LTS, mixed mode, sharing, tiered, compressed oops, compressed class ptrs, g1 gc, windows-amd64)
# Problematic frame:
# C  [awt.dll+0xdb3d9]
#
# No core dump will be written. Minidumps are not enabled by default on client versions of Windows
#
# If you would like to submit a bug report, please visit:
#   https://github.com/adoptium/adoptium-support/issues
# The crash happened outside the Java Virtual Machine in native code.
# See problematic frame for where to report the bug.
#

---------------  S U M M A R Y ------------

Command Line: -Dfile.encoding=UTF-8 Inicio.SingleInstanceApp

Host: Intel(R) Core(TM) i5-10210U CPU @ 1.60GHz, 8 cores, 15G,  Windows 11 , 64 bit Build 26100 (10.0.26100.8875)
Time: Thu Jul 30 07:07:24 2026 Hora estándar, América Central elapsed time: 51071.571747 seconds (0d 14h 11m 11s)

---------------  T H R E A D  ---------------

Current thread (0x0000026604b8b6f0):  JavaThread "AWT-EventQueue-0"        [_thread_in_native, id=23684, stack(0x0000006707200000,0x0000006707300000) (1024K)]

Stack: [0x0000006707200000,0x0000006707300000],  sp=0x00000067072ff100,  free space=1020k
Native frames: (J=compiled Java code, j=interpreted, Vv=VM code, C=native code)
C  [awt.dll+0xdb3d9]  (no source info available)
C  [awt.dll+0xda7aa]  (no source info available)
C  0x000002666bbdd193  (no source info available)

The last pc belongs to native method entry point (kind = native) (printed below).
Java frames: (J=compiled Java code, j=interpreted, Vv=VM code)
j  sun.awt.Win32GraphicsConfig.getBounds(I)Ljava/awt/Rectangle;+0 java.desktop@25.0.2
j  sun.awt.Win32GraphicsConfig.getBounds()Ljava/awt/Rectangle;+8 java.desktop@25.0.2
j  sun.awt.Win32GraphicsDevice.displayChanged()V+23 java.desktop@25.0.2
j  sun.awt.Win32GraphicsEnvironment.displayChanged()V+271 java.desktop@25.0.2
j  sun.awt.windows.WToolkit.lambda$displayChanged$0()V+15 java.desktop@25.0.2
j  sun.awt.windows.WToolkit$$Lambda+0x000000003717c748.run()V+0 java.desktop@25.0.2
J 2144 c1 java.awt.event.InvocationEvent.dispatch()V java.desktop@25.0.2 (69 bytes) @ 0x0000026664979b14 [0x0000026664979900+0x0000000000000214]
J 1655 c1 java.awt.EventQueue.dispatchEventImpl(Ljava/awt/AWTEvent;Ljava/lang/Object;)V java.desktop@25.0.2 (139 bytes) @ 0x00000266648d2b84 [0x00000266648d1300+0x0000000000001884]
J 1654 c1 java.awt.EventQueue.dispatchEvent(Ljava/awt/AWTEvent;)V java.desktop@25.0.2 (48 bytes) @ 0x00000266648d0fcc [0x00000266648d0d80+0x000000000000024c]
J 1658 c1 java.awt.EventDispatchThread.pumpOneEventForFilters(I)V java.desktop@25.0.2 (106 bytes) @ 0x00000266648d4a14 [0x00000266648d4200+0x0000000000000814]
j  java.awt.EventDispatchThread.pumpEventsForFilter(ILjava/awt/Conditional;Ljava/awt/EventFilter;)V+35 java.desktop@25.0.2
j  java.awt.EventDispatchThread.pumpEventsForHierarchy(ILjava/awt/Conditional;Ljava/awt/Component;)V+11 java.desktop@25.0.2
j  java.awt.EventDispatchThread.pumpEvents(ILjava/awt/Conditional;)V+4 java.desktop@25.0.2
j  java.awt.EventDispatchThread.pumpEvents(Ljava/awt/Conditional;)V+3 java.desktop@25.0.2
j  java.awt.EventDispatchThread.run()V+9 java.desktop@25.0.2
v  ~StubRoutines::call_stub 0x000002666bbd12ed

siginfo: EXCEPTION_ACCESS_VIOLATION (0xc0000005), reading address 0x0000000000000028


Registers:
RAX=0x0000000000000000, RBX=0x0000026606c3de00, RCX=0x0000000000000000, RDX=0x0000000000000000
RSP=0x00000067072ff100, RBP=0x0000000000000000, RSI=0x0000000000000000, RDI=0x0000000000000000
R8 =0x0000000000000001, R9 =0x0000006705747000, R10=0x0000026600353370, R11=0x0000000000000004
R12=0x0000000000000000, R13=0x0000026604b0f498, R14=0x0000026604687dc0, R15=0x0000000000000000
RIP=0x00007ffb77f8b3d9, EFLAGS=0x0000000000010246

XMM[0]=0x0000000000000000 0x0000000000000000
XMM[1]=0x0000000000000000 0x00000067072ff1d0
XMM[2]=0x0000000000000000 0x0000000000000000
XMM[3]=0x0000000000000000 0x0000000000000000
XMM[4]=0x0000000000000000 0x0000000000000000
XMM[5]=0x0000000000000000 0x0000000000000000
XMM[6]=0x0000000000000000 0x8fc30fe66c9d5dfb
XMM[7]=0x0000000000000000 0xb76c25743618890c
XMM[8]=0x0000000000000000 0x97058b370aa274b1
XMM[9]=0x0000000000000000 0x9e932d087ee8b7e0
XMM[10]=0x0000000000000000 0x00000000e0558ad8
XMM[11]=0x0000000000000000 0x69f3b40de8dc6bed
XMM[12]=0x0000000000000000 0x000000007ee8b7e0
XMM[13]=0x0000000000000000 0x0000000000000000
XMM[14]=0x0000000000000000 0x0000000000000000
XMM[15]=0x0000000000000000 0x0000000000000000
  MXCSR=0x00001fa3


Register to memory mapping:

RAX=0x0 is null
RBX=0x0000026606c3de00 points into unknown readable memory: 0x00000266049e7020 | 20 70 9e 04 66 02 00 00
RCX=0x0 is null
RDX=0x0 is null
RSP=0x00000067072ff100 is pointing into the stack for thread: 0x0000026604b8b6f0
RBP=0x0 is null
RSI=0x0 is null
RDI=0x0 is null
R8 =0x0000000000000001 is an unknown value
R9 =0x0000006705747000 points into unknown readable memory: 0x0000000000000000 | 00 00 00 00 00 00 00 00
R10={method} {0x0000026600353378} '<init>' '(IIII)V' in 'java/awt/Rectangle'
R11=0x0000000000000004 is an unknown value
R12=0x0 is null
R13=0x0000026604b0f498 points into unknown readable memory: 0x0000026600353370 | 70 33 35 00 66 02 00 00
R14=0x0000026604687dc0 points into unknown readable memory: 0x0000000711b39490 | 90 94 b3 11 07 00 00 00
R15=0x0 is null

Top of Stack: (sp=0x00000067072ff100)
0x00000067072ff100:   00007ffb77fe9838 0000026606c3de00   8..w........f...
0x00000067072ff110:   0000026604687dc0 0000026606c3de00   .}h.f.......f...
0x00000067072ff120:   0000026604b8bb38 00007ffb77f8a7aa   8...f......w....
0x00000067072ff130:   0000026606c3de00 0000026606c3de00   ....f.......f...
0x00000067072ff140:   0000000000000000 0000000000000000   ................
0x00000067072ff150:   0000000711857aa0 00000266005f5820   .z...... X_.f...
0x00000067072ff160:   0000000000000000 00000067072ff180   ........../.g...
0x00000067072ff170:   0000000000000000 0000000000000000   ................
0x00000067072ff180:   0000f75beda9275b 0000000711868970   ['..[...p.......
0x00000067072ff190:   0000026604b8b6f0 00000067072ff278   ....f...x./.g...
0x00000067072ff1a0:   0000026600498488 0000000000000000   ..I.f...........
0x00000067072ff1b0:   00000000000000e8 00000000000000a2   ................
0x00000067072ff1c0:   00000067072ff250 000002666bbdd193   P./.g......kf...
0x00000067072ff1d0:   00000067072ff1e8 0000026600498488   ../.g.....I.f...
0x00000067072ff1e0:   000002666bbd8b18 0000000000000000   ...kf...........
0x00000067072ff1f0:   0000000711868970 00000007102024a8   p........$ .....
0x00000067072ff200:   00000007102024a8 fffffffffffffff7   .$ .............
0x00000067072ff210:   0000000000000000 0000000000000005   ................
0x00000067072ff220:   000002660049ac80 0000000000000000   ..I.f...........
0x00000067072ff230:   0000000711868dd0 0000026600498488   ..........I.f...
0x00000067072ff240:   0000000000000000 00000067072ff270   ........p./.g...
0x00000067072ff250:   00000067072ff2c8 000002666bbd8cb2   ../.g......kf...
0x00000067072ff260:   0000000000000000 000002666bbda75a   ........Z..kf...
0x00000067072ff270:   0000000000000000 00000007102024a8   .........$ .....
0x00000067072ff280:   fffffffffffffff7 0000026600498530   ........0.I.f...
0x00000067072ff290:   0000000000000002 000002660049ac80   ..........I.f...
0x00000067072ff2a0:   0000000000000000 0000000711868dd0   ................
0x00000067072ff2b0:   0000026600498548 fffffffffffffff5   H.I.f...........
0x00000067072ff2c0:   00000067072ff2d8 00000067072ff328   ../.g...(./.g...
0x00000067072ff2d0:   000002666bbd8cb2 00000007102024a8   ...kf....$ .....
0x00000067072ff2e0:   fffffffffffffff7 00000266005f5677   ........wV_.f...
0x00000067072ff2f0:   0000000000000003 00000266005f6df8   .........m_.f...

Instructions: (pc=0x00007ffb77f8b3d9)
  0x00007ffb77f8b2d9:   cc cc cc cc cc cc cc 48 89 5c 24 08 48 89 6c 24
  0x00007ffb77f8b2e9:   10 48 89 74 24 18 57 48 83 ec 20 41 8b f8 0f b6
  0x00007ffb77f8b2f9:   f2 48 8b e9 e8 1e cf f4 ff 48 8b d8 48 89 44 24
  0x00007ffb77f8b309:   48 41 b8 01 00 00 00 8b d7 48 8b c8 e8 76 ce f4
  0x00007ffb77f8b319:   ff 48 8b c8 44 0f b6 c6 48 8b d5 e8 a7 fa ff ff
  0x00007ffb77f8b329:   48 8b f8 48 8b cb e8 ac d0 f4 ff 90 48 8b c7 48
  0x00007ffb77f8b339:   8b 5c 24 30 48 8b 6c 24 38 48 8b 74 24 40 48 83
  0x00007ffb77f8b349:   c4 20 5f c3 cc cc cc 48 8b 49 28 e9 17 07 00 00
  0x00007ffb77f8b359:   cc cc cc cc cc cc cc 48 89 5c 24 08 57 48 83 ec
  0x00007ffb77f8b369:   20 8b f9 e8 af ce f4 ff 48 8b d8 48 89 44 24 38
  0x00007ffb77f8b379:   41 b8 01 00 00 00 8b d7 48 8b c8 e8 07 ce f4 ff
  0x00007ffb77f8b389:   48 8b 08 8b 39 48 8b cb e8 4a d0 f4 ff 90 8b c7
  0x00007ffb77f8b399:   48 8b 5c 24 30 48 83 c4 20 5f c3 cc cc cc cc cc
  0x00007ffb77f8b3a9:   cc cc cc cc cc cc cc 48 89 5c 24 08 57 48 83 ec
  0x00007ffb77f8b3b9:   20 8b f9 e8 5f ce f4 ff 48 8b d8 48 89 44 24 38
  0x00007ffb77f8b3c9:   41 b8 01 00 00 00 8b d7 48 8b c8 e8 b7 cd f4 ff
=>0x00007ffb77f8b3d9:   48 8b 78 28 48 8b cb e8 fb cf f4 ff 90 48 8b c7
  0x00007ffb77f8b3e9:   48 8b 5c 24 30 48 83 c4 20 5f c3 cc cc cc cc cc
  0x00007ffb77f8b3f9:   cc cc cc cc cc cc cc 48 89 5c 24 08 57 48 83 ec
  0x00007ffb77f8b409:   20 8b f9 e8 0f ce f4 ff 48 8b d8 48 89 44 24 38
  0x00007ffb77f8b419:   41 b8 01 00 00 00 8b d7 48 8b c8 e8 67 cd f4 ff
  0x00007ffb77f8b429:   48 8b 78 30 48 8b cb e8 ab cf f4 ff 90 48 8b c7
  0x00007ffb77f8b439:   48 8b 5c 24 30 48 83 c4 20 5f c3 cc cc cc cc cc
  0x00007ffb77f8b449:   cc cc cc cc cc cc cc 48 89 5c 24 08 57 48 83 ec
  0x00007ffb77f8b459:   20 8b f9 e8 bf cd f4 ff 48 8b d8 48 89 44 24 38
  0x00007ffb77f8b469:   41 b8 01 00 00 00 8b d7 48 8b c8 e8 17 cd f4 ff
  0x00007ffb77f8b479:   48 8b 78 08 48 85 ff 74 07 48 8b bf 08 0c 00 00
  0x00007ffb77f8b489:   48 8b cb e8 4f cf f4 ff 90 48 8b c7 48 8b 5c 24
  0x00007ffb77f8b499:   30 48 83 c4 20 5f c3 f3 0f 10 41 48 c3 cc cc cc
  0x00007ffb77f8b4a9:   cc cc cc cc cc cc cc f3 0f 10 41 4c c3 cc cc cc
  0x00007ffb77f8b4b9:   cc cc cc cc cc cc cc 48 89 5c 24 10 48 89 74 24
  0x00007ffb77f8b4c9:   18 55 57 41 56 48 8d 6c 24 e0 48 81 ec 20 01 00


Stack slot to memory mapping:

stack at sp + 0 slots: 0x00007ffb77fe9838 awt.dll
stack at sp + 1 slots: 0x0000026606c3de00 points into unknown readable memory: 0x00000266049e7020 | 20 70 9e 04 66 02 00 00
stack at sp + 2 slots: 0x0000026604687dc0 points into unknown readable memory: 0x0000000711b39490 | 90 94 b3 11 07 00 00 00
stack at sp + 3 slots: 0x0000026606c3de00 points into unknown readable memory: 0x00000266049e7020 | 20 70 9e 04 66 02 00 00
stack at sp + 4 slots: 0x0000026604b8bb38 points into unknown readable memory: 0x00007ffb25cbddc0 | c0 dd cb 25 fb 7f 00 00
stack at sp + 5 slots: 0x00007ffb77f8a7aa awt.dll
stack at sp + 6 slots: 0x0000026606c3de00 points into unknown readable memory: 0x00000266049e7020 | 20 70 9e 04 66 02 00 00
stack at sp + 7 slots: 0x0000026606c3de00 points into unknown readable memory: 0x00000266049e7020 | 20 70 9e 04 66 02 00 00

Lock stack of current Java thread (top to bottom):

native method entry point (kind = native)  [0x000002666bbdcdc0, 0x000002666bbdd8b8]  2808 bytes
[MachCode]
  0x000002666bbdcdc0: 488b 4b08 | 0fb7 492e | 584c 8d74 | ccf8 6800 | 0000 0068 | 0000 0000 | 5055 488b | ec41 5548 
  0x000002666bbdcde0: 8b43 084c | 8d68 3848 | 8b40 0868 | 0000 0000 | 5348 8b50 | 1848 8b52 | 7048 8b12 | 5248 8b53 
  0x000002666bbdce00: 1048 85d2 | 7407 4881 | c2d0 0000 | 0052 488b | 5010 5249 | 8bc6 482b | c548 c1e8 | 0350 6800 
  0x000002666bbdce20: 0000 0068 | f7ff ffff | 41c6 87f1 | 0400 0001 | 488b 4310 | 4885 c074 | 208b 8890 | 0000 0083 
  0x000002666bbdce40: c102 8988 | 9000 0000 | 2388 a400 | 0000 0f84 | b209 0000 | e9cf 0000 | 0048 8b43 | 1848 85c0 
  0x000002666bbdce60: 0f85 b000 | 0000 e805 | 0000 00e9 | 9900 0000 | 488b d348 | 8d44 2408 | 4c89 6dc0 | 498b cfc5 
  0x000002666bbdce80: f877 4989 | af38 0400 | 0049 8987 | 2804 0000 | 4883 ec20 | 40f6 c40f | 0f84 1900 | 0000 4883 
  0x000002666bbdcea0: ec08 48b8 | 0032 3925 | fb7f 0000 | ffd0 4883 | c408 e90c | 0000 0048 | b800 3239 | 25fb 7f00 
  0x000002666bbdcec0: 00ff d048 | 83c4 2049 | c787 2804 | 0000 0000 | 0000 49c7 | 8738 0400 | 0000 0000 | 0049 c787 
  0x000002666bbdcee0: 3004 0000 | 0000 0000 | c5f8 7749 | 837f 0800 | 0f84 0500 | 0000 e9e5 | 42ff ff4c | 8b6d c04c 
  0x000002666bbdcf00: 8b75 c84e | 8d74 f500 | c348 8b43 | 1848 85c0 | 0f84 1200 | 0000 8b48 | 0883 c102 | 8948 0823 
  0x000002666bbdcf20: 482c 0f84 | de08 0000 | 493b a770 | 0500 000f | 8748 0000 | 0089 8424 | 00f0 ffff | 8984 2400 
  0x000002666bbdcf40: e0ff ff89 | 8424 00d0 | ffff 8984 | 2400 c0ff | ff89 8424 | 00b0 ffff | 8984 2400 | a0ff ff89 
  0x000002666bbdcf60: 8424 0090 | ffff 8984 | 2400 80ff | ff49 3ba7 | 6805 0000 | 7607 4989 | a770 0500 | 0041 c687 
  0x000002666bbdcf80: f104 0000 | 0048 8b5d | e84c 8b5b | 0845 0fb7 | 5b2e 41c1 | e303 492b | e348 83ec | 2048 83e4 
  0x000002666bbdcfa0: f04c 8b5b | 604d 85db | 0f85 ab00 | 0000 e805 | 0000 00e9 | 9900 0000 | 488b d348 | 8d44 2408 
  0x000002666bbdcfc0: 4c89 6dc0 | 498b cfc5 | f877 4989 | af38 0400 | 0049 8987 | 2804 0000 | 4883 ec20 | 40f6 c40f 
  0x000002666bbdcfe0: 0f84 1900 | 0000 4883 | ec08 48b8 | 305b 3925 | fb7f 0000 | ffd0 4883 | c408 e90c | 0000 0048 
  0x000002666bbdd000: b830 5b39 | 25fb 7f00 | 00ff d048 | 83c4 2049 | c787 2804 | 0000 0000 | 0000 49c7 | 8738 0400 
  0x000002666bbdd020: 0000 0000 | 0049 c787 | 3004 0000 | 0000 0000 | c5f8 7749 | 837f 0800 | 0f84 0500 | 0000 e99d 
  0x000002666bbdd040: 41ff ff4c | 8b6d c04c | 8b75 c84e | 8d74 f500 | c348 8b5d | e84c 8b5b | 6041 ffd3 | 488b 5de8 
  0x000002666bbdd060: 4889 4518 | 440f b75b | 2c41 f6c3 | 080f 841b | 0000 004c | 8b5b 084d | 8b5b 084d | 8b5b 184d 
  0x000002666bbdd080: 8b5b 704d | 8b1b 4c89 | 5d10 488d | 5510 488b | 4358 49ba | 302f 7425 | fb7f 0000 | 493b c20f 
  0x000002666bbdd0a0: 85ab 0000 | 00e8 0500 | 0000 e999 | 0000 0048 | 8bd3 488d | 4424 084c | 896d c049 | 8bcf c5f8 
  0x000002666bbdd0c0: 7749 89af | 3804 0000 | 4989 8728 | 0400 0048 | 83ec 2040 | f6c4 0f0f | 8419 0000 | 0048 83ec 
  0x000002666bbdd0e0: 0848 b830 | 5b39 25fb | 7f00 00ff | d048 83c4 | 08e9 0c00 | 0000 48b8 | 305b 3925 | fb7f 0000 
  0x000002666bbdd100: ffd0 4883 | c420 49c7 | 8728 0400 | 0000 0000 | 0049 c787 | 3804 0000 | 0000 0000 | 49c7 8730 
  0x000002666bbdd120: 0400 0000 | 0000 00c5 | f877 4983 | 7f08 000f | 8405 0000 | 00e9 a640 | ffff 4c8b | 6dc0 4c8b 
  0x000002666bbdd140: 75c8 4e8d | 74f5 00c3 | 488b 5de8 | 488b 4358 | 498d 8f48 | 0400 004c | 8d15 d500 | 0000 4d89 
  0x000002666bbdd160: 9730 0400 | 00c5 f877 | 4989 af38 | 0400 0049 | 89a7 2804 | 0000 41c7 | 87d4 0400 | 0004 0000 
  0x000002666bbdd180: 0049 3ba7 | c805 0000 | 7607 4989 | a7c8 0500 | 00ff d049 | 3ba7 c805 | 0000 720b | 49c7 87c8 
  0x000002666bbdd1a0: 0500 0000 | 0000 00c5 | f877 4883 | ec10 c5fb | 1104 2448 | 83ec 1048 | 8904 2448 | c744 2408 
  0x000002666bbdd1c0: 0000 0000 | 41c7 87d4 | 0400 0005 | 0000 00f0 | 8344 24c0 | 0049 3b6f | 280f 870e | 0000 0041 
  0x000002666bbdd1e0: 83bf d004 | 0000 000f | 8420 0000 | 0049 8bcf | 4c8b e448 | 83ec 2048 | 83e4 f048 | b8b0 c13a 
  0x000002666bbdd200: 25fb 7f00 | 00ff d049 | 8be4 4d33 | e441 c787 | d404 0000 | 0800 0000 | 4d8b 97f0 | 0500 0049 
  0x000002666bbdd220: 83fa 0074 | 3549 c787 | f005 0000 | 0000 0000 | 41ff e249 | ba60 bebd | 6b66 0200 | 0041 ffd2 
  0x000002666bbdd240: 4883 ec10 | c5fb 1104 | 2448 83ec | 1048 8904 | 2448 c744 | 2408 0000 | 0000 49c7 | 8728 0400 
  0x000002666bbdd260: 0000 0000 | 0049 c787 | 3804 0000 | 0000 0000 | 49c7 8730 | 0400 0000 | 0000 00c5 | f877 4d8b 
  0x000002666bbdd280: 9fb8 0400 | 0041 c783 | 0001 0000 | 0000 0000 | 49bb 5aa7 | bd6b 6602 | 0000 4c3b | 5d18 0f85 
  0x000002666bbdd2a0: 5501 0000 | 488b 0424 | 4883 c410 | 4885 c00f | 842f 0100 | 00a8 030f | 8508 0000 | 0048 8b00 
  0x000002666bbdd2c0: e91f 0100 | 00a8 010f | 8509 0000 | 0048 8b40 | fee9 0e01 | 0000 488b | 40ff 4180 | 7f48 000f 
  0x000002666bbdd2e0: 84ff 0000 | 0048 83f8 | 000f 84f5 | 0000 004d | 8b5f 384d | 85db 0f84 | 1400 0000 | 4983 eb08 
  0x000002666bbdd300: 4d89 5f38 | 4d03 5f40 | 4989 03e9 | d400 0000 | 4883 ec70 | 4889 0424 | 4889 4c24 | 0848 8954 
  0x000002666bbdd320: 2410 4c89 | 4424 184c | 894c 2420 | 4c89 5424 | 284c 895c | 2430 c5fb | 1144 2440 | c5fb 114c 
  0x000002666bbdd340: 2448 c5fb | 1154 2450 | c5fb 115c | 2458 c5fb | 1164 2460 | c5fb 116c | 2468 498b | d748 8bc8 
  0x000002666bbdd360: 4883 ec20 | 40f6 c40f | 0f84 1900 | 0000 4883 | ec08 48b8 | d081 2d25 | fb7f 0000 | ffd0 4883 
  0x000002666bbdd380: c408 e90c | 0000 0048 | b8d0 812d | 25fb 7f00 | 00ff d048 | 83c4 20c5 | fb10 6c24 | 68c5 fb10 
  0x000002666bbdd3a0: 6424 60c5 | fb10 5c24 | 58c5 fb10 | 5424 50c5 | fb10 4c24 | 48c5 fb10 | 4424 404c | 8b5c 2430 
  0x000002666bbdd3c0: 4c8b 5424 | 284c 8b4c | 2420 4c8b | 4424 1848 | 8b54 2410 | 488b 4c24 | 0848 8b04 | 2448 83c4 
  0x000002666bbdd3e0: 70c5 f877 | 4889 4510 | 4883 ec10 | 4889 0424 | 48c7 4424 | 0800 0000 | 0041 83bf | 5005 0000 
  0x000002666bbdd400: 020f 85bf | 0000 0048 | 81ec 8000 | 0000 4889 | 4424 7848 | 894c 2470 | 4889 5424 | 6848 895c 
  0x000002666bbdd420: 2460 4889 | 6c24 5048 | 8974 2448 | 4889 7c24 | 404c 8944 | 2438 4c89 | 4c24 304c | 8954 2428 
  0x000002666bbdd440: 4c89 5c24 | 204c 8964 | 2418 4c89 | 6c24 104c | 8974 2408 | 4c89 3c24 | 4c8b e448 | 83ec 2048 
  0x000002666bbdd460: 83e4 f048 | b8a0 1674 | 25fb 7f00 | 00ff d049 | 8be4 4c8b | 3c24 4c8b | 7424 084c | 8b6c 2410 
  0x000002666bbdd480: 4c8b 6424 | 184c 8b5c | 2420 4c8b | 5424 284c | 8b4c 2430 | 4c8b 4424 | 3848 8b7c | 2440 488b 
  0x000002666bbdd4a0: 7424 4848 | 8b6c 2450 | 488b 5c24 | 6048 8b54 | 2468 488b | 4c24 7048 | 8b44 2478 | 4881 c480 
  0x000002666bbdd4c0: 0000 004d | 33e4 488b | 5de8 4c8b | 6b08 4d8d | 6d38 4983 | 7f08 000f | 84bb 0000 | 00e8 0500 
  0x000002666bbdd4e0: 0000 e996 | 0000 0048 | 8d44 2408 | 4c89 6dc0 | 498b cfc5 | f877 4989 | af38 0400 | 0049 8987 
  0x000002666bbdd500: 2804 0000 | 4883 ec20 | 40f6 c40f | 0f84 1900 | 0000 4883 | ec08 48b8 | 7079 3925 | fb7f 0000 
  0x000002666bbdd520: ffd0 4883 | c408 e90c | 0000 0048 | b870 7939 | 25fb 7f00 | 00ff d048 | 83c4 2049 | c787 2804 
  0x000002666bbdd540: 0000 0000 | 0000 49c7 | 8738 0400 | 0000 0000 | 0049 c787 | 3004 0000 | 0000 0000 | c5f8 7749 
  0x000002666bbdd560: 837f 0800 | 0f84 0500 | 0000 e971 | 3cff ff4c | 8b6d c04c | 8b75 c84e | 8d74 f500 | c348 b970 
  0x000002666bbdd580: 00a6 25fb | 7f00 0048 | 83e4 f048 | b870 9060 | 25fb 7f00 | 00ff d0f4 | 440f b75b | 2c41 f6c3 
  0x000002666bbdd5a0: 200f 8472 | 0100 0048 | 8d55 a84c | 8b5a 084d | 85db 0f85 | bb00 0000 | e805 0000 | 00e9 9600 
  0x000002666bbdd5c0: 0000 488d | 4424 084c | 896d c049 | 8bcf c5f8 | 7749 89af | 3804 0000 | 4989 8728 | 0400 0048 
  0x000002666bbdd5e0: 83ec 2040 | f6c4 0f0f | 8419 0000 | 0048 83ec | 0848 b8a0 | 7839 25fb | 7f00 00ff | d048 83c4 
  0x000002666bbdd600: 08e9 0c00 | 0000 48b8 | a078 3925 | fb7f 0000 | ffd0 4883 | c420 49c7 | 8728 0400 | 0000 0000 
  0x000002666bbdd620: 0049 c787 | 3804 0000 | 0000 0000 | 49c7 8730 | 0400 0000 | 0000 00c5 | f877 4983 | 7f08 000f 
  0x000002666bbdd640: 8405 0000 | 00e9 963b | ffff 4c8b | 6dc0 4c8b | 75c8 4e8d | 74f5 00c3 | 48b9 7000 | a625 fb7f 
  0x000002666bbdd660: 0000 4883 | e4f0 48b8 | 7090 6025 | fb7f 0000 | ffd0 f44c | 896d c04c | 8b4a 0848 | c742 0800 
  0x000002666bbdd680: 0000 0045 | 8b87 d806 | 0000 4f3b | 4c07 f80f | 8542 0000 | 0041 83af | d806 0000 | 084f 3b4c 
  0x000002666bbdd6a0: 07f0 0f84 | 2a00 0000 | 498b 01a8 | 020f 8512 | 0000 004c | 8bc0 4983 | c801 f04d | 0fb1 010f 
  0x000002666bbdd6c0: 840d 0000 | 0041 8387 | d806 0000 | 08e9 0500 | 0000 e93e | 0000 004c | 894a 0848 | 8bca 4883 
  0x000002666bbdd6e0: ec20 40f6 | c40f 0f84 | 1900 0000 | 4883 ec08 | 48b8 f04a | 3925 fb7f | 0000 ffd0 | 4883 c408 
  0x000002666bbdd700: e90c 0000 | 0048 b8f0 | 4a39 25fb | 7f00 00ff | d048 83c4 | 204c 8b6d | c041 c687 | 9603 0000 
  0x000002666bbdd720: 0149 3b6f | 280f 8705 | 0000 00e9 | ab00 0000 | 4883 ec10 | c5fb 1104 | 2448 83ec | 1048 8904 
  0x000002666bbdd740: 2448 c744 | 2408 0000 | 0000 c5f8 | 7749 89af | 3804 0000 | 49ba 4ad7 | bd6b 6602 | 0000 4d89 
  0x000002666bbdd760: 9730 0400 | 0049 89a7 | 2804 0000 | 498b cf48 | 83ec 2040 | f6c4 0f0f | 8419 0000 | 0048 83ec 
  0x000002666bbdd780: 0848 b890 | 3139 25fb | 7f00 00ff | d048 83c4 | 08e9 0c00 | 0000 48b8 | 9031 3925 | fb7f 0000 
  0x000002666bbdd7a0: ffd0 4883 | c420 49c7 | 8728 0400 | 0000 0000 | 0049 c787 | 3804 0000 | 0000 0000 | 49c7 8730 
  0x000002666bbdd7c0: 0400 0000 | 0000 00c5 | f877 488b | 0424 4883 | c410 c5fb | 1004 2448 | 83c4 1048 | 8b04 2448 
  0x000002666bbdd7e0: 83c4 10c5 | fb10 0424 | 4883 c410 | 4c8b 5d18 | 41ff d34c | 8b5d f8c9 | 41c6 8796 | 0300 0000 
  0x000002666bbdd800: 5f49 8be3 | ffe7 ba00 | 0000 00e8 | 0500 0000 | e996 0000 | 0048 8d44 | 2408 4c89 | 6dc0 498b 
  0x000002666bbdd820: cfc5 f877 | 4989 af38 | 0400 0049 | 8987 2804 | 0000 4883 | ec20 40f6 | c40f 0f84 | 1900 0000 
  0x000002666bbdd840: 4883 ec08 | 48b8 e040 | 3925 fb7f | 0000 ffd0 | 4883 c408 | e90c 0000 | 0048 b8e0 | 4039 25fb 
  0x000002666bbdd860: 7f00 00ff | d048 83c4 | 2049 c787 | 2804 0000 | 0000 0000 | 49c7 8738 | 0400 0000 | 0000 0049 
  0x000002666bbdd880: c787 3004 | 0000 0000 | 0000 c5f8 | 7749 837f | 0800 0f84 | 0500 0000 | e943 39ff | ff4c 8b6d 
  0x000002666bbdd8a0: c04c 8b75 | c84e 8d74 | f500 c348 | 8b5d e8e9 | 74f6 ffff | 0f1f 4000 
[/MachCode]

Compiled method (c1) 51072766 2144   !   3       java.awt.event.InvocationEvent::dispatch (69 bytes)
 total in heap  [0x0000026664979808,0x0000026664979f60] = 1880
 main code      [0x0000026664979900,0x0000026664979ef8] = 1528
 stub code      [0x0000026664979ef8,0x0000026664979f60] = 104
 mutable data [0x00000266047622c0,0x0000026604762358] = 152
 relocation     [0x00000266047622c0,0x0000026604762350] = 144
 metadata       [0x0000026604762350,0x0000026604762358] = 8
 immutable data [0x0000026604938b90,0x0000026604938d38] = 424
 dependencies   [0x0000026604938b90,0x0000026604938b98] = 8
 nul chk table  [0x0000026604938b98,0x0000026604938bb0] = 24
 handler table  [0x0000026604938bb0,0x0000026604938c40] = 144
 scopes pcs     [0x0000026604938c40,0x0000026604938ce0] = 160
 scopes data    [0x0000026604938ce0,0x0000026604938d38] = 88

[Constant Pool (empty)]

[MachCode]
[Instructions begin]
  0x0000026664979900: 6666 660f | 1f84 0000 | 0000 0066 | 6666 9066 | 6690 448b | 5208 443b 

  0x0000026664979918: ;   {runtime_call Shared Runtime ic_miss_blob}
  0x0000026664979918: 5008 0f85 | c051 2a07 
[Verified Entry Point]
  0x0000026664979920: 8984 2400 | 80ff ff55 | 4883 ec30 | 4181 7f20 | 0100 0000 

  0x0000026664979934: ;   {runtime_call Stub::method_entry_barrier}
  0x0000026664979934: 7405 e805 | a928 0748 | 8954 2418 

  0x0000026664979940: ;   {metadata(method data for {method} {0x00000266004d4c50} 'dispatch' '()V' in 'java/awt/event/InvocationEvent')}
  0x0000026664979940: 48be 5085 | ae00 6602 | 0000 8bbe | 9000 0000 | 83c7 0289 | be90 0000 | 0081 e7fe | 0700 0085 
  0x0000026664979960: ff0f 84af | 0400 000f | be72 1d85 

  0x000002666497996c: ;   {metadata(method data for {method} {0x00000266004d4c50} 'dispatch' '()V' in 'java/awt/event/InvocationEvent')}
  0x000002666497996c: f648 be50 | 85ae 0066 | 0200 00bf | d800 0000 | 7405 bfe8 | 0000 0048 | 8b1c 3e48 | 8d5b 0148 
  0x000002666497998c: 891c 3e0f | 84d1 0000 | 008b 7228 | 48c1 e603 

  0x000002666497999c: ; implicit exception: dispatches to 0x0000026664979e37
  0x000002666497999c: 483b 0648 

  0x00000266649799a0: ;   {metadata(method data for {method} {0x00000266004d4c50} 'dispatch' '()V' in 'java/awt/event/InvocationEvent')}
  0x00000266649799a0: 8bfe 48bb | 5085 ae00 | 6602 0000 | 8b7f 0841 | ba00 0000 | 3649 03fa | 483b bb00 | 0100 0075 
  0x00000266649799c0: 0d48 8383 | 0801 0000 | 01e9 6000 | 0000 483b | bb10 0100 | 0075 0d48 | 8383 1801 | 0000 01e9 
  0x00000266649799e0: 4a00 0000 | 4883 bb00 | 0100 0000 | 7517 4889 | bb00 0100 | 0048 c783 | 0801 0000 | 0100 0000 
  0x0000026664979a00: e929 0000 | 0048 83bb | 1001 0000 | 0075 1748 | 89bb 1001 | 0000 48c7 | 8318 0100 | 0001 0000 
  0x0000026664979a20: 00e9 0800 | 0000 4883 | 83f8 0000 | 0001 488b | d60f 1f40 | 0048 b800 | 919c 0466 

  0x0000026664979a3c: ;   {virtual_call}
  0x0000026664979a3c: 0200 00e8 

  0x0000026664979a40: ; ImmutableOopMap {[24]=Oop }
                      ;*invokeinterface run {reexecute=0 rethrow=0 return_oop=0}
                      ; - java.awt.event.InvocationEvent::dispatch@11 (line 313)
  0x0000026664979a40: 9c56 2a07 

  0x0000026664979a44: ;   {post_call_nop}
  0x0000026664979a44: 0f1f 8400 | 3c02 0000 

  0x0000026664979a4c: ;   {metadata(method data for {method} {0x00000266004d4c50} 'dispatch' '()V' in 'java/awt/event/InvocationEvent')}
  0x0000026664979a4c: 48ba 5085 | ae00 6602 | 0000 ff82 | 2801 0000 | 488b 5424 | 18e9 0703 | 0000 8b72 | 2848 c1e6 
  0x0000026664979a6c: 0348 3b06 

  0x0000026664979a70: ;   {metadata(method data for {method} {0x00000266004d4c50} 'dispatch' '()V' in 'java/awt/event/InvocationEvent')}
  0x0000026664979a70: 488b fe48 | bb50 85ae | 0066 0200 | 008b 7f08 | 41ba 0000 | 0036 4903 | fa48 3bbb | e001 0000 
  0x0000026664979a90: 750d 4883 | 83e8 0100 | 0001 e960 | 0000 0048 | 3bbb f001 | 0000 750d | 4883 83f8 | 0100 0001 
  0x0000026664979ab0: e94a 0000 | 0048 83bb | e001 0000 | 0075 1748 | 89bb e001 | 0000 48c7 | 83e8 0100 | 0001 0000 
  0x0000026664979ad0: 00e9 2900 | 0000 4883 | bbf0 0100 | 0000 7517 | 4889 bbf0 | 0100 0048 | c783 f801 | 0000 0100 
  0x0000026664979af0: 0000 e908 | 0000 0048 | 8383 d801 | 0000 0148 | 8bd6 6666 | 9048 b828 | 919c 0466 

  0x0000026664979b0c: ;   {virtual_call}
  0x0000026664979b0c: 0200 00e8 

  0x0000026664979b10: ; ImmutableOopMap {[24]=Oop }
                      ;*invokeinterface run {reexecute=0 rethrow=0 return_oop=0}
                      ; - java.awt.event.InvocationEvent::dispatch@47 (line 323)
  0x0000026664979b10: 9456 3807 

  0x0000026664979b14: ;   {post_call_nop}
  0x0000026664979b14: 0f1f 8400 | 0c03 0001 | 488b 5424 | 18e9 4702 | 0000 498b | 8788 0500 | 004d 33d2 | 4d89 9788 
  0x0000026664979b34: 0500 004d | 33d2 4d89 | 9790 0500 | 0048 85c0 

  0x0000026664979b44: ;   {metadata(method data for {method} {0x00000266004d4c50} 'dispatch' '()V' in 'java/awt/event/InvocationEvent')}
  0x0000026664979b44: 48be 5085 | ae00 6602 | 0000 750c | 808e 3901 | 0000 01e9 | a700 0000 | 8b78 0841 | ba00 0000 
  0x0000026664979b64: 3649 03fa | 483b be48 | 0100 0075 | 0d48 8386 | 5001 0000 | 01e9 6000 | 0000 483b | be58 0100 
  0x0000026664979b84: 0075 0d48 | 8386 6001 | 0000 01e9 | 4a00 0000 | 4883 be48 | 0100 0000 | 7517 4889 | be48 0100 
  0x0000026664979ba4: 0048 c786 | 5001 0000 | 0100 0000 | e929 0000 | 0048 83be | 5801 0000 | 0075 1748 | 89be 5801 
  0x0000026664979bc4: 0000 48c7 | 8660 0100 | 0001 0000 | 00e9 0800 | 0000 4883 | 8640 0100 

  0x0000026664979bdc: ;   {metadata('java/lang/Exception')}
  0x0000026664979bdc: 0001 48bf | 50b7 1d36 | 0000 0000 | 8b70 0841 | ba00 0000 | 3649 03f2 | 483b 7e40 | 0f85 0500 
  0x0000026664979bfc: 0000 e905 | 0000 004d | 33c0 eb06 | 41b8 0100 | 0000 4585 

  0x0000026664979c10: ;   {metadata(method data for {method} {0x00000266004d4c50} 'dispatch' '()V' in 'java/awt/event/InvocationEvent')}
  0x0000026664979c10: c049 b850 | 85ae 0066 | 0200 00ba | 7001 0000 | 7405 ba80 | 0100 0049 | 8b34 1048 | 8d76 0149 
  0x0000026664979c30: 8934 1048 | 8b54 2418 | 0f84 f100 | 0000 4885 

  0x0000026664979c40: ;   {metadata(method data for {method} {0x00000266004d4c50} 'dispatch' '()V' in 'java/awt/event/InvocationEvent')}
  0x0000026664979c40: c048 bf50 | 85ae 0066 | 0200 0075 | 0c80 8f89 | 0100 0001 | e9a7 0000 | 008b 5808 | 41ba 0000 
  0x0000026664979c60: 0036 4903 | da48 3b9f | 9801 0000 | 750d 4883 | 87a0 0100 | 0001 e960 | 0000 0048 | 3b9f a801 
  0x0000026664979c80: 0000 750d | 4883 87b0 | 0100 0001 | e94a 0000 | 0048 83bf | 9801 0000 | 0075 1748 | 899f 9801 
  0x0000026664979ca0: 0000 48c7 | 87a0 0100 | 0001 0000 | 00e9 2900 | 0000 4883 | bfa8 0100 | 0000 7517 | 4889 9fa8 
  0x0000026664979cc0: 0100 0048 | c787 b001 | 0000 0100 | 0000 e908 | 0000 0048 | 8387 9001 

  0x0000026664979cd8: ;   {metadata('java/lang/Exception')}
  0x0000026664979cd8: 0000 0148 | bb50 b71d | 3600 0000 | 008b 7808 | 41ba 0000 | 0036 4903 | fa48 3b5f | 400f 8546 
  0x0000026664979cf8: 0100 00e9 | 0000 0000 | 4c8b c041 | 0fbe 7748 | 85f6 0f85 | 3a01 0000 | 4d8b d049 | c1ea 0344 
  0x0000026664979d18: 8952 3448 | 8bf2 4933 | f048 c1ee | 1548 83fe | 000f 853a | 0100 0045 | 0fbe 4748 | 4585 c00f 
  0x0000026664979d38: 8544 0100 | 004c 8bd0 | 49c1 ea03 | 4489 5238 | 4c8b c24c | 33c0 49c1 | e815 4983 | f800 0f85 
  0x0000026664979d58: 4501 0000 

  0x0000026664979d5c: ;   {metadata(method data for {method} {0x00000266004d4c50} 'dispatch' '()V' in 'java/awt/event/InvocationEvent')}
  0x0000026664979d5c: 49b8 5085 | ae00 6602 | 0000 41ff | 80c0 0100 | 004c 8bc2 

  0x0000026664979d70: ;   {metadata(method data for {method} {0x00000266004d4c50} 'dispatch' '()V' in 'java/awt/event/InvocationEvent')}
  0x0000026664979d70: 48be 5085 | ae00 6602 | 0000 4883 | 8608 0200 | 0001 41b8 | 0100 0000 | 0f1f 8000 

  0x0000026664979d8c: ;   {optimized virtual_call}
  0x0000026664979d8c: 0000 00e8 

  0x0000026664979d90: ; ImmutableOopMap {}
                      ;*invokevirtual finishedDispatching {reexecute=0 rethrow=0 return_oop=0}
                      ; - java.awt.event.InvocationEvent::dispatch@54 (line 326)
  0x0000026664979d90: 8c0c 0000 

  0x0000026664979d94: ;   {post_call_nop}
  0x0000026664979d94: 0f1f 8400 | 8c05 0002 

  0x0000026664979d9c: ;   {metadata(method data for {method} {0x00000266004d4c50} 'dispatch' '()V' in 'java/awt/event/InvocationEvent')}
  0x0000026664979d9c: 48b8 5085 | ae00 6602 | 0000 ff80 | 3802 0000 | 4883 c430 

  0x0000026664979db0: ;   {poll_return}
  0x0000026664979db0: 5d49 3b67 | 280f 87fe | 0000 00c3 | 488b 5424 | 1849 8b87 | 8805 0000 | 4d33 d24d | 8997 8805 
  0x0000026664979dd0: 0000 4d33 | d24d 8997 | 9005 0000 

  0x0000026664979ddc: ;   {metadata(method data for {method} {0x00000266004d4c50} 'dispatch' '()V' in 'java/awt/event/InvocationEvent')}
  0x0000026664979ddc: 4c8b c248 | be50 85ae | 0066 0200 | 0048 8386 | 5002 0000 | 0141 b801 | 0000 0048 | 8944 2420 
  0x0000026664979dfc: ;   {optimized virtual_call}
  0x0000026664979dfc: 6666 90e8 

  0x0000026664979e00: ; ImmutableOopMap {[32]=Oop }
                      ;*invokevirtual finishedDispatching {reexecute=0 rethrow=0 return_oop=0}
                      ; - java.awt.event.InvocationEvent::dispatch@63 (line 326)
  0x0000026664979e00: dc4f 2a07 

  0x0000026664979e04: ;   {post_call_nop}
  0x0000026664979e04: 0f1f 8400 | fc05 0003 | 488b 4424 | 20e9 d600 

  0x0000026664979e14: ;   {metadata({method} {0x00000266004d4c50} 'dispatch' '()V' in 'java/awt/event/InvocationEvent')}
  0x0000026664979e14: 0000 49ba | 484c 4d00 | 6602 0000 | 4c89 5424 | 0848 c704 | 24ff ffff 

  0x0000026664979e2c: ;   {runtime_call C1 Runtime counter_overflow_blob}
  0x0000026664979e2c: ffe8 aeb7 

  0x0000026664979e30: ; ImmutableOopMap {rdx=Oop [24]=Oop }
                      ;*synchronization entry
                      ; - java.awt.event.InvocationEvent::dispatch@-1 (line 311)
  0x0000026664979e30: 3707 e930 

  0x0000026664979e34: ;   {runtime_call C1 Runtime throw_null_pointer_exception_blob}
  0x0000026664979e34: fbff ffe8 

  0x0000026664979e38: ; ImmutableOopMap {rdx=Oop rsi=Oop [24]=Oop }
                      ;*invokeinterface run {reexecute=0 rethrow=0 return_oop=0}
                      ; - java.awt.event.InvocationEvent::dispatch@11 (line 313)
  0x0000026664979e38: 248d 2e07 

  0x0000026664979e3c: ;   {runtime_call C1 Runtime throw_null_pointer_exception_blob}
  0x0000026664979e3c: e81f 8d2e 

  0x0000026664979e40: ; ImmutableOopMap {rdx=Oop rsi=Oop [24]=Oop }
                      ;*invokeinterface run {reexecute=0 rethrow=0 return_oop=0}
                      ; - java.awt.event.InvocationEvent::dispatch@47 (line 323)
  0x0000026664979e40: 0748 8904 

  0x0000026664979e44: ;   {runtime_call C1 Runtime throw_class_cast_exception_blob}
  0x0000026664979e44: 24e8 9687 

  0x0000026664979e48: ; ImmutableOopMap {rax=Oop rdx=Oop [24]=Oop }
                      ;*checkcast {reexecute=0 rethrow=0 return_oop=0}
                      ; - java.awt.event.InvocationEvent::dispatch@29 (line 317)
  0x0000026664979e48: 3707 8b72 | 3448 c1e6 | 0348 83fe | 000f 84b5 | feff ff48 

  0x0000026664979e5c: ;   {runtime_call g1_pre_barrier_slow}
  0x0000026664979e5c: 8934 24e8 | 7cbd 3707 | e9a7 feff | ff49 83f8 | 000f 84bc | feff ff48 

  0x0000026664979e74: ;   {runtime_call g1_post_barrier_slow}
  0x0000026664979e74: 8914 24e8 | 64c0 3707 | e9ae feff | ff44 8b42 | 3849 c1e0 | 0349 83f8 | 000f 84aa | feff ff4c 
  0x0000026664979e94: ;   {runtime_call g1_pre_barrier_slow}
  0x0000026664979e94: 8904 24e8 | 44bd 3707 | e99c feff | ff48 83f8 | 000f 84b1 | feff ff48 

  0x0000026664979eac: ;   {runtime_call g1_post_barrier_slow}
  0x0000026664979eac: 8914 24e8 | 2cc0 3707 | e9a3 feff 

  0x0000026664979eb8: ;   {internal_word}
  0x0000026664979eb8: ff49 bab1 | 9d97 6466 | 0200 004d | 8997 e004 

  0x0000026664979ec8: ;   {runtime_call SafepointBlob}
  0x0000026664979ec8: 0000 e991 | 702a 0749 | 8b87 8805 | 0000 49c7 | 8788 0500 | 0000 0000 | 0049 c787 | 9005 0000 
  0x0000026664979ee8: 0000 0000 | 4883 c430 

  0x0000026664979ef0: ;   {runtime_call C1 Runtime unwind_exception_blob}
  0x0000026664979ef0: 5de9 6a9b | 2e07 f4f4 
[Stub Code]
  0x0000026664979ef8: ;   {other}
  0x0000026664979ef8: 0f1f 4400 

  0x0000026664979efc: ;   {static_stub}
  0x0000026664979efc: 0048 bb00 | 0000 0000 

  0x0000026664979f04: ;   {runtime_call nmethod}
  0x0000026664979f04: 0000 00e9 | fbff ffff 

  0x0000026664979f0c: ;   {static_stub}
  0x0000026664979f0c: 9048 bb00 | 0000 0000 

  0x0000026664979f14: ;   {runtime_call nmethod}
  0x0000026664979f14: 0000 00e9 | fbff ffff 

  0x0000026664979f1c: ;   {static_stub}
  0x0000026664979f1c: 48bb 0000 | 0000 0000 

  0x0000026664979f24: ;   {runtime_call nmethod}
  0x0000026664979f24: 0000 e9fb 

  0x0000026664979f28: ;   {runtime_call C1 Runtime handle_exception_from_callee_blob}
  0x0000026664979f28: ffff ffe8 | 306e 2e07 

  0x0000026664979f30: ;   {external_word}
  0x0000026664979f30: 48b9 7000 | a625 fb7f | 0000 4883 

  0x0000026664979f3c: ;   {runtime_call}
  0x0000026664979f3c: e4f0 48b8 | 7090 6025 | fb7f 0000 

  0x0000026664979f48: ;   {section_word}
  0x0000026664979f48: ffd0 f449 | ba4b 9f97 | 6466 0200 

  0x0000026664979f54: ;   {runtime_call DeoptimizationBlob}
  0x0000026664979f54: 0041 52e9 | 0473 2a07 | f4f4 f4f4 
[/MachCode]


Compiled method (c1) 51072882 1655       3       java.awt.EventQueue::dispatchEventImpl (139 bytes)
 total in heap  [0x00000266648d1208,0x00000266648d3358] = 8528
 main code      [0x00000266648d1300,0x00000266648d3238] = 7992
 stub code      [0x00000266648d3238,0x00000266648d3348] = 272
 oops           [0x00000266648d3348,0x00000266648d3358] = 16
 mutable data [0x0000026604cffe10,0x0000026604d00180] = 880
 relocation     [0x0000026604cffe10,0x0000026604d000b8] = 680
 metadata       [0x0000026604d000b8,0x0000026604d00180] = 200
 immutable data [0x0000026604cff680,0x0000026604cffe08] = 1928
 dependencies   [0x0000026604cff680,0x0000026604cff6b8] = 56
 nul chk table  [0x0000026604cff6b8,0x0000026604cff738] = 128
 handler table  [0x0000026604cff738,0x0000026604cff7f8] = 192
 scopes pcs     [0x0000026604cff7f8,0x0000026604cffbd8] = 992
 scopes data    [0x0000026604cffbd8,0x0000026604cffe08] = 560

[Constant Pool (empty)]

[MachCode]
[Instructions begin]
  0x00000266648d1300: 6666 660f | 1f84 0000 | 0000 0066 | 6666 9066 | 6690 448b | 5208 443b 

  0x00000266648d1318: ;   {runtime_call Shared Runtime ic_miss_blob}
  0x00000266648d1318: 5008 0f85 | c0d7 3407 
[Verified Entry Point]
  0x00000266648d1320: 8984 2400 | 80ff ff55 | 4881 ecd0 | 0000 0090 | 4181 7f20 | 0100 0000 

  0x00000266648d1338: ;   {runtime_call Stub::method_entry_barrier}
  0x00000266648d1338: 7405 e801 | 2f33 074c | 8984 24a8 

  0x00000266648d1344: ;   {metadata(method data for {method} {0x0000026600188ae8} 'dispatchEventImpl' '(Ljava/awt/AWTEvent;Ljava/lang/Object;)V' in 'java/awt/EventQueue')}
  0x00000266648d1344: 0000 0048 | bec8 1792 | 0066 0200 | 008b be90 | 0000 0083 | c702 89be | 9000 0000 | 81e7 fe07 
  0x00000266648d1364: 0000 85ff | 0f84 8e1a | 0000 41c6 | 401a 014d 

  0x00000266648d1374: ;   {metadata(method data for {method} {0x0000026600188ae8} 'dispatchEventImpl' '(Ljava/awt/AWTEvent;Ljava/lang/Object;)V' in 'java/awt/EventQueue')}
  0x00000266648d1374: 85c0 48bb | c817 9200 | 6602 0000 | 750c 808b | d100 0000 | 01e9 c300 | 0000 418b | 4008 41ba 
  0x00000266648d1394: 0000 0036 | 4903 c248 | 3b83 e000 | 0000 750d | 4883 83e8 | 0000 0001 | e960 0000 | 0048 3b83 
  0x00000266648d13b4: f000 0000 | 750d 4883 | 83f8 0000 | 0001 e94a | 0000 0048 | 83bb e000 | 0000 0075 | 1748 8983 
  0x00000266648d13d4: e000 0000 | 48c7 83e8 | 0000 0001 | 0000 00e9 | 2900 0000 | 4883 bbf0 | 0000 0000 | 7517 4889 
  0x00000266648d13f4: 83f0 0000 | 0048 c783 | f800 0000 | 0100 0000 | e908 0000 | 0048 8383 | d800 0000 

  0x00000266648d1410: ;   {metadata('java/awt/ActiveEvent')}
  0x00000266648d1410: 0148 b850 | a709 3700 | 0000 0041 | 8b58 0841 | ba00 0000 | 3649 03da | 483b 4320 | 0f84 2400 
  0x00000266648d1430: 0000 483b | d80f 841b | 0000 0053 

  0x00000266648d143c: ;   {runtime_call C1 Runtime slow_subtype_check_blob}
  0x00000266648d143c: 50e8 9e17 | 4207 5b5b | 85db 0f84 | 0500 0000 | e905 0000 | 0048 33f6 | eb05 be01 | 0000 0085 
  0x00000266648d145c: ;   {metadata(method data for {method} {0x0000026600188ae8} 'dispatchEventImpl' '(Ljava/awt/AWTEvent;Ljava/lang/Object;)V' in 'java/awt/EventQueue')}
  0x00000266648d145c: f648 bec8 | 1792 0066 | 0200 00bf | 1801 0000 | 7505 bf08 | 0100 0048 | 8b1c 3e48 | 8d5b 0148 
  0x00000266648d147c: 891c 3e0f | 8543 1500 | 004d 85c9 

  0x00000266648d1488: ;   {metadata(method data for {method} {0x0000026600188ae8} 'dispatchEventImpl' '(Ljava/awt/AWTEvent;Ljava/lang/Object;)V' in 'java/awt/EventQueue')}
  0x00000266648d1488: 48bb c817 | 9200 6602 | 0000 750c | 808b c901 | 0000 01e9 | a900 0000 | 418b 4108 | 41ba 0000 
  0x00000266648d14a8: 0036 4903 | c248 3b83 | d801 0000 | 750d 4883 | 83e0 0100 | 0001 e960 | 0000 0048 | 3b83 e801 
  0x00000266648d14c8: 0000 750d | 4883 83f0 | 0100 0001 | e94a 0000 | 0048 83bb | d801 0000 | 0075 1748 | 8983 d801 
  0x00000266648d14e8: 0000 48c7 | 83e0 0100 | 0001 0000 | 00e9 2900 | 0000 4883 | bbe8 0100 | 0000 7517 | 4889 83e8 
  0x00000266648d1508: 0100 0048 | c783 f001 | 0000 0100 | 0000 e908 | 0000 0048 | 8383 d001 

  0x00000266648d1520: ;   {metadata('java/awt/Component')}
  0x00000266648d1520: 0000 0148 | b840 c500 | 3700 0000 | 0041 8b59 | 0841 ba00 | 0000 3649 | 03da 483b | 4338 0f85 
  0x00000266648d1540: 0500 0000 | e905 0000 | 0048 33f6 | eb05 be01 | 0000 0085 

  0x00000266648d1554: ;   {metadata(method data for {method} {0x0000026600188ae8} 'dispatchEventImpl' '(Ljava/awt/AWTEvent;Ljava/lang/Object;)V' in 'java/awt/EventQueue')}
  0x00000266648d1554: f648 bec8 | 1792 0066 | 0200 00bf | 0002 0000 | 7405 bf10 | 0200 0048 | 8b1c 3e48 | 8d5b 0148 
  0x00000266648d1574: 891c 3e0f | 84bc 0600 | 004d 85c9 

  0x00000266648d1580: ;   {metadata(method data for {method} {0x0000026600188ae8} 'dispatchEventImpl' '(Ljava/awt/AWTEvent;Ljava/lang/Object;)V' in 'java/awt/EventQueue')}
  0x00000266648d1580: 48bf c817 | 9200 6602 | 0000 750c | 808f 1902 | 0000 01e9 | a900 0000 | 418b 5908 | 41ba 0000 
  0x00000266648d15a0: 0036 4903 | da48 3b9f | 2802 0000 | 750d 4883 | 8730 0200 | 0001 e960 | 0000 0048 | 3b9f 3802 
  0x00000266648d15c0: 0000 750d | 4883 8740 | 0200 0001 | e94a 0000 | 0048 83bf | 2802 0000 | 0075 1748 | 899f 2802 
  0x00000266648d15e0: 0000 48c7 | 8730 0200 | 0001 0000 | 00e9 2900 | 0000 4883 | bf38 0200 | 0000 7517 | 4889 9f38 
  0x00000266648d1600: 0200 0048 | c787 4002 | 0000 0100 | 0000 e908 | 0000 0048 | 8387 2002 

  0x00000266648d1618: ;   {metadata('java/awt/Component')}
  0x00000266648d1618: 0000 0148 | bb40 c500 | 3700 0000 | 0041 8b79 | 0841 ba00 | 0000 3649 | 03fa 483b | 5f38 0f85 
  0x00000266648d1638: e617 0000 | e900 0000 | 0049 8bd1 

  0x00000266648d1644: ; implicit exception: dispatches to 0x00000266648d2e2b
  0x00000266648d1644: 483b 0248 

  0x00000266648d1648: ;   {metadata(method data for {method} {0x0000026600188ae8} 'dispatchEventImpl' '(Ljava/awt/AWTEvent;Ljava/lang/Object;)V' in 'java/awt/EventQueue')}
  0x00000266648d1648: 8bf2 48bf | c817 9200 | 6602 0000 | 8b76 0841 | ba00 0000 | 3649 03f2 | 483b b758 | 0200 0075 
  0x00000266648d1668: 0d48 8387 | 6002 0000 | 01e9 6000 | 0000 483b | b768 0200 | 0075 0d48 | 8387 7002 | 0000 01e9 
  0x00000266648d1688: 4a00 0000 | 4883 bf58 | 0200 0000 | 7517 4889 | b758 0200 | 0048 c787 | 6002 0000 | 0100 0000 
  0x00000266648d16a8: e929 0000 | 0048 83bf | 6802 0000 | 0075 1748 | 89b7 6802 | 0000 48c7 | 8770 0200 | 0001 0000 
  0x00000266648d16c8: 00e9 0800 | 0000 4883 | 8750 0200 

  0x00000266648d16d4: ;   {metadata(method data for {method} {0x00000266000d9118} 'dispatchEvent' '(Ljava/awt/AWTEvent;)V' in 'java/awt/Component')}
  0x00000266648d16d4: 0001 48be | 381e 9200 | 6602 0000 | 8bbe 9000 | 0000 83c7 | 0289 be90 | 0000 0081 | e7fe ff1f 
  0x00000266648d16f4: 0085 ff0f | 8433 1700 | 0048 8bf2 

  0x00000266648d1700: ;   {metadata(method data for {method} {0x00000266000d9118} 'dispatchEvent' '(Ljava/awt/AWTEvent;)V' in 'java/awt/Component')}
  0x00000266648d1700: 48bf 381e | 9200 6602 | 0000 8b76 | 0841 ba00 | 0000 3649 | 03f2 483b | b7e0 0000 | 0075 0d48 
  0x00000266648d1720: 8387 e800 | 0000 01e9 | 6000 0000 | 483b b7f0 | 0000 0075 | 0d48 8387 | f800 0000 | 01e9 4a00 
  0x00000266648d1740: 0000 4883 | bfe0 0000 | 0000 7517 | 4889 b7e0 | 0000 0048 | c787 e800 | 0000 0100 | 0000 e929 
  0x00000266648d1760: 0000 0048 | 83bf f000 | 0000 0075 | 1748 89b7 | f000 0000 | 48c7 87f8 | 0000 0001 | 0000 00e9 
  0x00000266648d1780: 0800 0000 | 4883 87d8 | 0000 0001 | 498b f04c | 8bc6 6666 | 9048 b800 | 96cf 0466 

  0x00000266648d179c: ;   {virtual_call}
  0x00000266648d179c: 0200 00e8 

  0x00000266648d17a0: ; ImmutableOopMap {[168]=Oop }
                      ;*invokevirtual dispatchEventImpl {reexecute=0 rethrow=0 return_oop=0}
                      ; - java.awt.Component::dispatchEvent@2 (line 4790)
                      ; - java.awt.EventQueue::dispatchEventImpl@41 (line 725)
  0x00000266648d17a0: 743f 4807 

  0x00000266648d17a4: ;   {post_call_nop}
  0x00000266648d17a4: 0f1f 8400 | 9c05 0000 | 4c8b 8424 | a800 0000 

  0x00000266648d17b4: ;   {metadata(method data for {method} {0x0000026600188ae8} 'dispatchEventImpl' '(Ljava/awt/AWTEvent;Ljava/lang/Object;)V' in 'java/awt/EventQueue')}
  0x00000266648d17b4: 48be c817 | 9200 6602 | 0000 458b | 4008 41ba | 0000 0036 | 4d03 c24c | 3b86 8802 | 0000 750d 
  0x00000266648d17d4: 4883 8690 | 0200 0001 | e960 0000 | 004c 3b86 | 9802 0000 | 750d 4883 | 86a0 0200 | 0001 e94a 
  0x00000266648d17f4: 0000 0048 | 83be 8802 | 0000 0075 | 174c 8986 | 8802 0000 | 48c7 8690 | 0200 0001 | 0000 00e9 
  0x00000266648d1814: 2900 0000 | 4883 be98 | 0200 0000 | 7517 4c89 | 8698 0200 | 0048 c786 | a002 0000 | 0100 0000 
  0x00000266648d1834: e908 0000 | 0048 8386 | 8002 0000 

  0x00000266648d1840: ;   {metadata(method data for {method} {0x00000266001267a0} 'dispatched' '()V' in 'java/awt/AWTEvent')}
  0x00000266648d1840: 0148 be88 | 1f92 0066 | 0200 008b | be90 0000 | 0083 c702 | 89be 9000 | 0000 81e7 | feff 1f00 
  0x00000266648d1860: 85ff 0f84 | e915 0000 | 4c8b 8424 | a800 0000 

  0x00000266648d1870: ;   {metadata(method data for {method} {0x00000266001267a0} 'dispatched' '()V' in 'java/awt/AWTEvent')}
  0x00000266648d1870: 4d85 c048 | bb88 1f92 | 0066 0200 | 0075 0c80 | 8bd1 0000 | 0001 e9a9 | 0000 0041 | 8b40 0841 
  0x00000266648d1890: ba00 0000 | 3649 03c2 | 483b 83e0 | 0000 0075 | 0d48 8383 | e800 0000 | 01e9 6000 | 0000 483b 
  0x00000266648d18b0: 83f0 0000 | 0075 0d48 | 8383 f800 | 0000 01e9 | 4a00 0000 | 4883 bbe0 | 0000 0000 | 7517 4889 
  0x00000266648d18d0: 83e0 0000 | 0048 c783 | e800 0000 | 0100 0000 | e929 0000 | 0048 83bb | f000 0000 | 0075 1748 
  0x00000266648d18f0: 8983 f000 | 0000 48c7 | 83f8 0000 | 0001 0000 | 00e9 0800 | 0000 4883 | 83d8 0000 

  0x00000266648d190c: ;   {metadata('java/awt/event/InputEvent')}
  0x00000266648d190c: 0001 48b8 | 1051 0137 | 0000 0000 | 418b 5808 | 41ba 0000 | 0036 4903 | da48 3b43 | 500f 8505 
  0x00000266648d192c: 0000 00e9 | 0500 0000 | 4833 f6eb | 05be 0100 | 0000 85f6 

  0x00000266648d1940: ;   {metadata(method data for {method} {0x00000266001267a0} 'dispatched' '()V' in 'java/awt/AWTEvent')}
  0x00000266648d1940: 48be 881f | 9200 6602 | 0000 bf08 | 0100 0074 | 05bf 1801 | 0000 488b | 1c3e 488d | 5b01 4889 
  0x00000266648d1960: 1c3e 0f84 | 7114 0000 

  0x00000266648d1968: ;   {metadata(method data for {method} {0x00000266001267a0} 'dispatched' '()V' in 'java/awt/AWTEvent')}
  0x00000266648d1968: 48be 881f | 9200 6602 | 0000 4883 | 8628 0100 

  0x00000266648d1978: ;   {metadata(method data for {method} {0x0000026600106a38} 'getInputEventAccessor' '()Lsun/awt/AWTAccessor$InputEventAccessor;' in 'sun/awt/AWTAccessor')}
  0x00000266648d1978: 0001 48be | 6021 9200 | 6602 0000 | 8bbe 9000 | 0000 83c7 | 0289 be90 | 0000 0081 | e7fe ff1f 
  0x00000266648d1998: 0085 ff0f | 84d1 1400 

  0x00000266648d19a0: ;   {oop(a 'java/lang/Class'{0x0000000711f588d0} = 'sun/awt/AWTAccessor')}
  0x00000266648d19a0: 0048 bed0 | 88f5 1107 | 0000 008b | b68c 0000 | 0048 c1e6 | 0348 85f6 

  0x00000266648d19b8: ;   {metadata(method data for {method} {0x0000026600106a38} 'getInputEventAccessor' '()Lsun/awt/AWTAccessor$InputEventAccessor;' in 'sun/awt/AWTAccessor')}
  0x00000266648d19b8: 48bf 6021 | 9200 6602 | 0000 bbd8 | 0000 0075 | 05bb e800 | 0000 488b | 041f 488d | 4001 4889 
  0x00000266648d19d8: 041f 0f85 | a812 0000 

  0x00000266648d19e0: ;   {metadata(method data for {method} {0x0000026600106a38} 'getInputEventAccessor' '()Lsun/awt/AWTAccessor$InputEventAccessor;' in 'sun/awt/AWTAccessor')}
  0x00000266648d19e0: 48be 6021 | 9200 6602 | 0000 4883 | 86f8 0000 

  0x00000266648d19f0: ;   {metadata(method data for {method} {0x00000266001091f8} 'ensureClassInitialized' '(Ljava/lang/Class;)V' in 'sun/awt/AWTAccessor')}
  0x00000266648d19f0: 0001 48be | 8883 6c00 | 6602 0000 | 8bbe 9000 | 0000 83c7 | 0289 be90 | 0000 0081 | e7fe ff1f 
  0x00000266648d1a10: 0085 ff0f | 847a 1400 

  0x00000266648d1a18: ;   {metadata(method data for {method} {0x00000266001091f8} 'ensureClassInitialized' '(Ljava/lang/Class;)V' in 'sun/awt/AWTAccessor')}
  0x00000266648d1a18: 0048 be88 | 836c 0066 | 0200 0048 | 8386 d800 

  0x00000266648d1a28: ;   {metadata(method data for {method} {0x0000000036477a28} 'lookup' '()Ljava/lang/invoke/MethodHandles$Lookup;' in 'java/lang/invoke/MethodHandles')}
  0x00000266648d1a28: 0000 0148 | be00 856c | 0066 0200 | 008b be90 | 0000 0083 | c702 89be | 9000 0000 | 81e7 feff 
  0x00000266648d1a48: 1f00 85ff | 0f84 6214 

  0x00000266648d1a50: ;   {metadata(method data for {method} {0x0000000036477a28} 'lookup' '()Ljava/lang/invoke/MethodHandles$Lookup;' in 'java/lang/invoke/MethodHandles')}
  0x00000266648d1a50: 0000 48be | 0085 6c00 | 6602 0000 | 4883 86d8 | 0000 0001 

  0x00000266648d1a64: ;   {static_call}
  0x00000266648d1a64: 6666 90e8 

  0x00000266648d1a68: ; ImmutableOopMap {[168]=Oop }
                      ;*invokestatic getCallerClass {reexecute=0 rethrow=0 return_oop=0}
                      ; - java.lang.invoke.MethodHandles::lookup@0 (line 125)
                      ; - sun.awt.AWTAccessor::ensureClassInitialized@0 (line 1464)
                      ; - sun.awt.AWTAccessor::getInputEventAccessor@10 (line 963)
                      ; - java.awt.AWTEvent::dispatched@7 (line 571)
                      ; - java.awt.EventQueue::dispatchEventImpl@45 (line 726)
  0x00000266648d1a68: 74d9 3407 

  0x00000266648d1a6c: ;   {post_call_nop}
  0x00000266648d1a6c: 0f1f 8400 | 6408 0001 | 4c8b c04d 

  0x00000266648d1a78: ;   {metadata(method data for {method} {0x0000000036477a28} 'lookup' '()Ljava/lang/invoke/MethodHandles$Lookup;' in 'java/lang/invoke/MethodHandles')}
  0x00000266648d1a78: 85c0 48ba | 0085 6c00 | 6602 0000 | bef8 0000 | 0074 05be | e800 0000 | 488b 3c32 | 488d 7f01 
  0x00000266648d1a98: 4889 3c32 | 0f84 0d11 

  0x00000266648d1aa0: ;   {metadata('java/lang/invoke/MethodHandles$Lookup')}
  0x00000266648d1aa0: 0000 48ba | 40af 2036 | 0000 0000 | 498b 87c8 | 0100 0048 | 8d78 2049 | 3bbf d801 | 0000 0f87 
  0x00000266648d1ac0: 1114 0000 | 4989 bfc8 | 0100 0048 | c700 0100 | 0000 488b | ca41 ba00 | 0000 3649 | 2bca 8948 
  0x00000266648d1ae0: 0848 33c9 | 8948 0c48 | 33c9 4889 | 4810 4889 | 4818 4c8b 

  0x00000266648d1af4: ;   {metadata(method data for {method} {0x0000000036477a28} 'lookup' '()Ljava/lang/invoke/MethodHandles$Lookup;' in 'java/lang/invoke/MethodHandles')}
  0x00000266648d1af4: c848 bf00 | 856c 0066 | 0200 0048 | 8387 1801 

  0x00000266648d1b04: ;   {metadata(method data for {method} {0x000000003647bcd8} '<init>' '(Ljava/lang/Class;)V' in 'java/lang/invoke/MethodHandles$Lookup')}
  0x00000266648d1b04: 0000 0149 | b960 866c | 0066 0200 | 0041 8bb9 | 9000 0000 | 83c7 0241 | 89b9 9000 | 0000 81e7 
  0x00000266648d1b24: feff 1f00 | 85ff 0f84 | b213 0000 

  0x00000266648d1b30: ;   {metadata(method data for {method} {0x000000003647bcd8} '<init>' '(Ljava/lang/Class;)V' in 'java/lang/invoke/MethodHandles$Lookup')}
  0x00000266648d1b30: 4c8b c848 | bf60 866c | 0066 0200 | 0048 8387 | d800 0000 

  0x00000266648d1b44: ;   {oop(nullptr)}
  0x00000266648d1b44: 0149 b900 | 0000 0000 | 0000 00bf | 5f00 0000 | 488b d048 | 8984 24b0 

  0x00000266648d1b5c: ;   {optimized virtual_call}
  0x00000266648d1b5c: 0000 00e8 

  0x00000266648d1b60: ; ImmutableOopMap {[168]=Oop [176]=Oop }
                      ;*invokespecial <init> {reexecute=0 rethrow=0 return_oop=0}
                      ; - java.lang.invoke.MethodHandles$Lookup::<init>@5 (line 1533)
                      ; - java.lang.invoke.MethodHandles::lookup@23 (line 129)
                      ; - sun.awt.AWTAccessor::ensureClassInitialized@0 (line 1464)
                      ; - sun.awt.AWTAccessor::getInputEventAccessor@10 (line 963)
                      ; - java.awt.AWTEvent::dispatched@7 (line 571)
                      ; - java.awt.EventQueue::dispatchEventImpl@45 (line 726)
  0x00000266648d1b60: 7cd2 3407 

  0x00000266648d1b64: ;   {post_call_nop}
  0x00000266648d1b64: 0f1f 8400 | 5c09 0002 | 488b 8424 | b000 0000 

  0x00000266648d1b74: ;   {metadata(method data for {method} {0x00000266001091f8} 'ensureClassInitialized' '(Ljava/lang/Class;)V' in 'sun/awt/AWTAccessor')}
  0x00000266648d1b74: 4c8b c048 | ba88 836c | 0066 0200 | 0045 8b40 | 0841 ba00 | 0000 364d | 03c2 4c3b | 82f0 0000 
  0x00000266648d1b94: 0075 0d48 | 8382 f800 | 0000 01e9 | 6000 0000 | 4c3b 8200 | 0100 0075 | 0d48 8382 | 0801 0000 
  0x00000266648d1bb4: 01e9 4a00 | 0000 4883 | baf0 0000 | 0000 7517 | 4c89 82f0 | 0000 0048 | c782 f800 | 0000 0100 
  0x00000266648d1bd4: 0000 e929 | 0000 0048 | 83ba 0001 | 0000 0075 | 174c 8982 | 0001 0000 | 48c7 8208 | 0100 0001 
  0x00000266648d1bf4: 0000 00e9 | 0800 0000 | 4883 82e8 | 0000 0001 

  0x00000266648d1c04: ;   {oop(a 'java/lang/Class'{0x0000000711f999e8} = 'java/awt/event/InputEvent')}
  0x00000266648d1c04: 49b8 e899 | f911 0700 | 0000 488b | d066 0f1f 

  0x00000266648d1c14: ;   {optimized virtual_call}
  0x00000266648d1c14: 4400 00e8 

  0x00000266648d1c18: ; ImmutableOopMap {[168]=Oop }
                      ;*invokevirtual ensureInitialized {reexecute=0 rethrow=0 return_oop=0}
                      ; - sun.awt.AWTAccessor::ensureClassInitialized@4 (line 1464)
                      ; - sun.awt.AWTAccessor::getInputEventAccessor@10 (line 963)
                      ; - java.awt.AWTEvent::dispatched@7 (line 571)
                      ; - java.awt.EventQueue::dispatchEventImpl@45 (line 726)
  0x00000266648d1c18: c4d1 3407 

  0x00000266648d1c1c: ;   {post_call_nop}
  0x00000266648d1c1c: 0f1f 8400 | 140a 0003 

  0x00000266648d1c24: ;   {metadata(method data for {method} {0x00000266001091f8} 'ensureClassInitialized' '(Ljava/lang/Class;)V' in 'sun/awt/AWTAccessor')}
  0x00000266648d1c24: 48ba 8883 | 6c00 6602 | 0000 ff82 | 1801 0000 | e93b 1000 | 004d 85c9 

  0x00000266648d1c3c: ;   {metadata(method data for {method} {0x0000026600188ae8} 'dispatchEventImpl' '(Ljava/awt/AWTEvent;Ljava/lang/Object;)V' in 'java/awt/EventQueue')}
  0x00000266648d1c3c: 48bb c817 | 9200 6602 | 0000 750c | 808b c102 | 0000 01e9 | a800 0000 | 418b 4108 | 41ba 0000 
  0x00000266648d1c5c: 0036 4903 | c248 3b83 | d002 0000 | 750d 4883 | 83d8 0200 | 0001 e960 | 0000 0048 | 3b83 e002 
  0x00000266648d1c7c: 0000 750d | 4883 83e8 | 0200 0001 | e94a 0000 | 0048 83bb | d002 0000 | 0075 1748 | 8983 d002 
  0x00000266648d1c9c: 0000 48c7 | 83d8 0200 | 0001 0000 | 00e9 2900 | 0000 4883 | bbe0 0200 | 0000 7517 | 4889 83e0 
  0x00000266648d1cbc: 0200 0048 | c783 e802 | 0000 0100 | 0000 e908 | 0000 0048 | 8383 c802 

  0x00000266648d1cd4: ;   {metadata('java/awt/MenuComponent')}
  0x00000266648d1cd4: 0000 0148 | b868 780e | 3700 0000 | 0041 8b79 | 0841 ba00 | 0000 3649 | 03fa 483b | c70f 8505 
  0x00000266648d1cf4: 0000 00e9 | 0500 0000 | 4833 f6eb | 05be 0100 | 0000 85f6 

  0x00000266648d1d08: ;   {metadata(method data for {method} {0x0000026600188ae8} 'dispatchEventImpl' '(Ljava/awt/AWTEvent;Ljava/lang/Object;)V' in 'java/awt/EventQueue')}
  0x00000266648d1d08: 48be c817 | 9200 6602 | 0000 bf08 | 0300 0075 | 05bf f802 | 0000 488b | 1c3e 488d | 5b01 4889 
  0x00000266648d1d28: 1c3e 0f85 | 000b 0000 

  0x00000266648d1d30: ;   {metadata(method data for {method} {0x0000026600188ae8} 'dispatchEventImpl' '(Ljava/awt/AWTEvent;Ljava/lang/Object;)V' in 'java/awt/EventQueue')}
  0x00000266648d1d30: 4d85 c948 | bbc8 1792 | 0066 0200 | 0075 0c80 | 8b89 0300 | 0001 e9d1 | 0000 0041 | 8b41 0841 
  0x00000266648d1d50: ba00 0000 | 3649 03c2 | 483b 8398 | 0300 0075 | 0d48 8383 | a003 0000 | 01e9 6000 | 0000 483b 
  0x00000266648d1d70: 83a8 0300 | 0075 0d48 | 8383 b003 | 0000 01e9 | 4a00 0000 | 4883 bb98 | 0300 0000 | 7517 4889 
  0x00000266648d1d90: 8398 0300 | 0048 c783 | a003 0000 | 0100 0000 | e929 0000 | 0048 83bb | a803 0000 | 0075 1748 
  0x00000266648d1db0: 8983 a803 | 0000 48c7 | 83b0 0300 | 0001 0000 | 00e9 0800 | 0000 4883 | 8390 0300 | 0001 6690 
  0x00000266648d1dd0: ;   {other}
  0x00000266648d1dd0: e93d 1100 | 0000 0000 | 0000 418b | 5908 41ba | 0000 0036 | 4903 da48 | 3bd8 0f84 | 3100 0000 
  0x00000266648d1df0: 8b78 1448 | 3b04 3b0f | 8424 0000 | 0083 ff20 | 0f85 1600 | 0000 5350 

  0x00000266648d1e08: ;   {runtime_call C1 Runtime slow_subtype_check_blob}
  0x00000266648d1e08: e8d3 0d42 | 075b 5885 | c00f 8405 | 0000 00e9 | 0500 0000 | 4833 f6eb | 05be 0100 | 0000 85f6 
  0x00000266648d1e28: ;   {metadata(method data for {method} {0x0000026600188ae8} 'dispatchEventImpl' '(Ljava/awt/AWTEvent;Ljava/lang/Object;)V' in 'java/awt/EventQueue')}
  0x00000266648d1e28: 48be c817 | 9200 6602 | 0000 bfd0 | 0300 0075 | 05bf c003 | 0000 488b | 1c3e 488d | 5b01 4889 
  0x00000266648d1e48: 1c3e 0f85 | aa08 0000 

  0x00000266648d1e50: ;   {metadata(method data for {method} {0x0000026600188ae8} 'dispatchEventImpl' '(Ljava/awt/AWTEvent;Ljava/lang/Object;)V' in 'java/awt/EventQueue')}
  0x00000266648d1e50: 4d85 c948 | bbc8 1792 | 0066 0200 | 0075 0c80 | 8b51 0400 | 0001 e9a8 | 0000 0041 | 8b41 0841 
  0x00000266648d1e70: ba00 0000 | 3649 03c2 | 483b 8360 | 0400 0075 | 0d48 8383 | 6804 0000 | 01e9 6000 | 0000 483b 
  0x00000266648d1e90: 8370 0400 | 0075 0d48 | 8383 7804 | 0000 01e9 | 4a00 0000 | 4883 bb60 | 0400 0000 | 7517 4889 
  0x00000266648d1eb0: 8360 0400 | 0048 c783 | 6804 0000 | 0100 0000 | e929 0000 | 0048 83bb | 7004 0000 | 0075 1748 
  0x00000266648d1ed0: 8983 7004 | 0000 48c7 | 8378 0400 | 0001 0000 | 00e9 0800 | 0000 4883 | 8358 0400 

  0x00000266648d1eec: ;   {metadata('sun/awt/AWTAutoShutdown')}
  0x00000266648d1eec: 0001 48b8 | 404c 0337 | 0000 0000 | 418b 7908 | 41ba 0000 | 0036 4903 | fa48 3bc7 | 0f85 0500 
  0x00000266648d1f0c: 0000 e905 | 0000 0048 | 33f6 eb05 | be01 0000 

  0x00000266648d1f1c: ;   {metadata(method data for {method} {0x0000026600188ae8} 'dispatchEventImpl' '(Ljava/awt/AWTEvent;Ljava/lang/Object;)V' in 'java/awt/EventQueue')}
  0x00000266648d1f1c: 0085 f648 | bec8 1792 | 0066 0200 | 00bf 8804 | 0000 7405 | bf98 0400 | 0048 8b1c | 3e48 8d5b 
  0x00000266648d1f3c: 0148 891c | 3e0f 8444 | 0100 0048 

  0x00000266648d1f48: ;   {metadata(method data for {method} {0x0000026600188ae8} 'dispatchEventImpl' '(Ljava/awt/AWTEvent;Ljava/lang/Object;)V' in 'java/awt/EventQueue')}
  0x00000266648d1f48: 8bf2 48bf | c817 9200 | 6602 0000 | 4883 87a8 | 0400 0001 

  0x00000266648d1f5c: ;   {metadata(method data for {method} {0x0000026600188120} 'noEvents' '()Z' in 'java/awt/EventQueue')}
  0x00000266648d1f5c: 48be a823 | 9200 6602 | 0000 8bbe | 9000 0000 | 83c7 0289 | be90 0000 | 0081 e7fe | ff1f 0085 
  0x00000266648d1f7c: ff0f 8499 | 0f00 00be | 0000 0000 | e990 0000 | 0066 6690 | 8b7a 2048 | c1e7 033b | 770c 0f83 
  0x00000266648d1f9c: a70f 0000 | 4863 de8b | 7c9f 1048 | c1e7 038b | 7f0c 48c1 | e703 4885 

  0x00000266648d1fb4: ;   {metadata(method data for {method} {0x0000026600188120} 'noEvents' '()Z' in 'java/awt/EventQueue')}
  0x00000266648d1fb4: ff48 bfa8 | 2392 0066 | 0200 00bb | 0801 0000 | 7505 bbf8 | 0000 0048 | 8b04 1f48 | 8d40 0148 
  0x00000266648d1fd4: 8904 1f0f | 8570 0000 

  0x00000266648d1fdc: ;   {metadata(method data for {method} {0x0000026600188120} 'noEvents' '()Z' in 'java/awt/EventQueue')}
  0x00000266648d1fdc: 00ff c648 | bfa8 2392 | 0066 0200 | 008b 9f94 | 0000 0083 | c302 899f | 9400 0000 | 81e3 fe3f 
  0x00000266648d1ffc: 0000 85db | 0f84 540f | 0000 4d8b 

  0x00000266648d2008: ; ImmutableOopMap {rdx=Oop }
                      ;*goto {reexecute=1 rethrow=0 return_oop=0}
                      ; - (reexecute) java.awt.EventQueue::noEvents@24 (line 520)
                      ; - java.awt.EventQueue::dispatchEventImpl@95 (line 732)
                      ;   {poll}
  0x00000266648d2008: 5730 4185 

  0x00000266648d200c: ;   {metadata(method data for {method} {0x0000026600188120} 'noEvents' '()Z' in 'java/awt/EventQueue')}
  0x00000266648d200c: 0248 bfa8 | 2392 0066 | 0200 00ff | 8718 0100 | 0083 fe04 

  0x00000266648d2020: ;   {metadata(method data for {method} {0x0000026600188120} 'noEvents' '()Z' in 'java/awt/EventQueue')}
  0x00000266648d2020: 48bf a823 | 9200 6602 | 0000 bbd8 | 0000 007d | 05bb e800 | 0000 488b | 041f 488d | 4001 4889 
  0x00000266648d2040: 041f 0f8d | 0f00 0000 | e943 ffff | ffbe 0000 | 0000 e905 | 0000 00be | 0100 0000 

  0x00000266648d205c: ;   {metadata(method data for {method} {0x0000026600188ae8} 'dispatchEventImpl' '(Ljava/awt/AWTEvent;Ljava/lang/Object;)V' in 'java/awt/EventQueue')}
  0x00000266648d205c: 85f6 48be | c817 9200 | 6602 0000 | bfd8 0400 | 0074 05bf | e804 0000 | 488b 1c3e | 488d 5b01 
  0x00000266648d207c: 4889 1c3e | 0f84 630d | 0000 e9e4 

  0x00000266648d2088: ;   {metadata(method data for {method} {0x0000026600188ae8} 'dispatchEventImpl' '(Ljava/awt/AWTEvent;Ljava/lang/Object;)V' in 'java/awt/EventQueue')}
  0x00000266648d2088: 0500 0048 | bac8 1792 | 0066 0200 | 0048 8382 | 4005 0000 

  0x00000266648d209c: ;   {metadata(method data for {method} {0x0000026600186ef0} 'getEventLog' '()Lsun/util/logging/PlatformLogger;' in 'java/awt/EventQueue')}
  0x00000266648d209c: 0148 ba18 | 2692 0066 | 0200 008b | b290 0000 | 0083 c602 | 89b2 9000 | 0000 81e6 | feff 1f00 
  0x00000266648d20bc: 85f6 0f84 | b70e 0000 

  0x00000266648d20c4: ;   {oop(a 'java/lang/Class'{0x0000000711f9fad8} = 'java/awt/EventQueue')}
  0x00000266648d20c4: 48ba d8fa | f911 0700 | 0000 8b92 | 8000 0000 | 48c1 e203 

  0x00000266648d20d8: ;   {metadata(method data for {method} {0x0000026600186ef0} 'getEventLog' '()Lsun/util/logging/PlatformLogger;' in 'java/awt/EventQueue')}
  0x00000266648d20d8: 4885 d248 | ba18 2692 | 0066 0200 | 00be d800 | 0000 7505 | bee8 0000 | 0048 8b3c | 3248 8d7f 
  0x00000266648d20f8: 0148 893c | 320f 8568 

  0x00000266648d2100: ;   {metadata(method data for {method} {0x0000026600186ef0} 'getEventLog' '()Lsun/util/logging/PlatformLogger;' in 'java/awt/EventQueue')}
  0x00000266648d2100: 0000 0048 | ba18 2692 | 0066 0200 | 0048 8382 | f800 0000 

  0x00000266648d2114: ;   {oop("java.awt.event.EventQueue"{0x0000000711e00420})}
  0x00000266648d2114: 0148 ba20 | 04e0 1107 

  0x00000266648d211c: ;   {static_call}
  0x00000266648d211c: 0000 00e8 

  0x00000266648d2120: ; ImmutableOopMap {[168]=Oop }
                      ;*invokestatic getLogger {reexecute=0 rethrow=0 return_oop=0}
                      ; - java.awt.EventQueue::getEventLog@8 (line 181)
                      ; - java.awt.EventQueue::dispatchEventImpl@111 (line 736)
  0x00000266648d2120: bcd2 3407 

  0x00000266648d2124: ;   {post_call_nop}
  0x00000266648d2124: 0f1f 8400 | 1c0f 0005 

  0x00000266648d212c: ;   {oop(a 'java/lang/Class'{0x0000000711f9fad8} = 'java/awt/EventQueue')}
  0x00000266648d212c: 49b8 d8fa | f911 0700 | 0000 410f | be57 4885 | d20f 8559 | 0e00 004c | 8bd0 49c1 | ea03 4589 
  0x00000266648d214c: 9080 0000 | 00f0 8344 | 24c0 0049 | 8bd0 4833 | d048 c1ea | 1548 83fa | 000f 8554 

  0x00000266648d2168: ;   {oop(a 'java/lang/Class'{0x0000000711f9fad8} = 'java/awt/EventQueue')}
  0x00000266648d2168: 0e00 0049 | b8d8 faf9 | 1107 0000 | 0045 8b80 | 8000 0000 | 49c1 e003 

  0x00000266648d2180: ; implicit exception: dispatches to 0x00000266648d2fd7
  0x00000266648d2180: 493b 0049 

  0x00000266648d2184: ;   {metadata(method data for {method} {0x0000026600188ae8} 'dispatchEventImpl' '(Ljava/awt/AWTEvent;Ljava/lang/Object;)V' in 'java/awt/EventQueue')}
  0x00000266648d2184: 8bd0 48be | c817 9200 | 6602 0000 

  0x00000266648d2190: ;   {metadata('sun/util/logging/PlatformLogger')}
  0x00000266648d2190: 49ba d8fe | 0037 0000 | 0000 4c89 | 9658 0500 | 0048 8386 | 6005 0000 

  0x00000266648d21a8: ;   {metadata(method data for {method} {0x00000266000f13b0} 'isLoggable' '(Lsun/util/logging/PlatformLogger$Level;)Z' in 'sun/util/logging/PlatformLogger')}
  0x00000266648d21a8: 0148 ba20 | e43d 0066 | 0200 008b | b290 0000 | 0083 c602 | 89b2 9000 | 0000 81e6 | feff 1f00 
  0x00000266648d21c8: 85f6 0f84 | 0c0e 0000 

  0x00000266648d21d0: ;   {metadata(method data for {method} {0x00000266000f13b0} 'isLoggable' '(Lsun/util/logging/PlatformLogger$Level;)Z' in 'sun/util/logging/PlatformLogger')}
  0x00000266648d21d0: 48ba 20e4 | 3d00 6602 | 0000 ff82 | d800 0000 | 418b 500c | 48c1 e203 

  0x00000266648d21e8: ; implicit exception: dispatches to 0x00000266648d2ffd
  0x00000266648d21e8: 483b 024c 

  0x00000266648d21ec: ;   {metadata(method data for {method} {0x00000266000f13b0} 'isLoggable' '(Lsun/util/logging/PlatformLogger$Level;)Z' in 'sun/util/logging/PlatformLogger')}
  0x00000266648d21ec: 8bc2 48be | 20e4 3d00 | 6602 0000 | 458b 4008 | 41ba 0000 | 0036 4d03 | c24c 3b86 | 1001 0000 
  0x00000266648d220c: 750d 4883 | 8618 0100 | 0001 e960 | 0000 004c | 3b86 2001 | 0000 750d | 4883 8628 | 0100 0001 
  0x00000266648d222c: e94a 0000 | 0048 83be | 1001 0000 | 0075 174c | 8986 1001 | 0000 48c7 | 8618 0100 | 0001 0000 
  0x00000266648d224c: 00e9 2900 | 0000 4883 | be20 0100 | 0000 7517 | 4c89 8620 | 0100 0048 | c786 2801 | 0000 0100 
  0x00000266648d226c: 0000 e908 | 0000 0048 | 8386 0801 

  0x00000266648d2278: ;   {oop(a 'sun/util/logging/PlatformLogger$Level'{0x0000000711f569e0})}
  0x00000266648d2278: 0000 0149 | b8e0 69f5 | 1107 0000 | 0048 b828 | 96cf 0466 

  0x00000266648d228c: ;   {virtual_call}
  0x00000266648d228c: 0200 00e8 

  0x00000266648d2290: ; ImmutableOopMap {[168]=Oop }
                      ;*invokeinterface isLoggable {reexecute=0 rethrow=0 return_oop=0}
                      ; - sun.util.logging.PlatformLogger::isLoggable@17 (line 340)
                      ; - java.awt.EventQueue::dispatchEventImpl@117 (line 736)
  0x00000266648d2290: 4cce 3407 

  0x00000266648d2294: ;   {post_call_nop}
  0x00000266648d2294: 0f1f 8400 | 8c10 0006 | 83e0 0185 

  0x00000266648d22a0: ;   {metadata(method data for {method} {0x0000026600188ae8} 'dispatchEventImpl' '(Ljava/awt/AWTEvent;Ljava/lang/Object;)V' in 'java/awt/EventQueue')}
  0x00000266648d22a0: c048 bac8 | 1792 0066 | 0200 00be | 8005 0000 | 7405 be90 | 0500 0048 | 8b3c 3248 | 8d7f 0148 
  0x00000266648d22c0: 893c 320f | 8420 0b00 

  0x00000266648d22c8: ;   {metadata(method data for {method} {0x0000026600188ae8} 'dispatchEventImpl' '(Ljava/awt/AWTEvent;Ljava/lang/Object;)V' in 'java/awt/EventQueue')}
  0x00000266648d22c8: 0048 bac8 | 1792 0066 | 0200 0048 | 8382 a005 

  0x00000266648d22d8: ;   {metadata(method data for {method} {0x0000026600186ef0} 'getEventLog' '()Lsun/util/logging/PlatformLogger;' in 'java/awt/EventQueue')}
  0x00000266648d22d8: 0000 0148 | ba18 2692 | 0066 0200 | 008b b290 | 0000 0083 | c602 89b2 | 9000 0000 | 81e6 feff 
  0x00000266648d22f8: 1f00 85f6 | 0f84 000d 

  0x00000266648d2300: ;   {oop(a 'java/lang/Class'{0x0000000711f9fad8} = 'java/awt/EventQueue')}
  0x00000266648d2300: 0000 48ba | d8fa f911 | 0700 0000 | 8b92 8000 | 0000 48c1 | e203 4885 

  0x00000266648d2318: ;   {metadata(method data for {method} {0x0000026600186ef0} 'getEventLog' '()Lsun/util/logging/PlatformLogger;' in 'java/awt/EventQueue')}
  0x00000266648d2318: d248 ba18 | 2692 0066 | 0200 00be | d800 0000 | 7505 bee8 | 0000 0048 | 8b3c 3248 | 8d7f 0148 
  0x00000266648d2338: 893c 320f | 856a 0000 

  0x00000266648d2340: ;   {metadata(method data for {method} {0x0000026600186ef0} 'getEventLog' '()Lsun/util/logging/PlatformLogger;' in 'java/awt/EventQueue')}
  0x00000266648d2340: 0048 ba18 | 2692 0066 | 0200 0048 | 8382 f800 

  0x00000266648d2350: ;   {oop("java.awt.event.EventQueue"{0x0000000711e00420})}
  0x00000266648d2350: 0000 0148 | ba20 04e0 | 1107 0000 

  0x00000266648d235c: ;   {static_call}
  0x00000266648d235c: 0066 90e8 

  0x00000266648d2360: ; ImmutableOopMap {[168]=Oop }
                      ;*invokestatic getLogger {reexecute=0 rethrow=0 return_oop=0}
                      ; - java.awt.EventQueue::getEventLog@8 (line 181)
                      ; - java.awt.EventQueue::dispatchEventImpl@123 (line 737)
  0x00000266648d2360: 7cd0 3407 

  0x00000266648d2364: ;   {post_call_nop}
  0x00000266648d2364: 0f1f 8400 | 5c11 0007 

  0x00000266648d236c: ;   {oop(a 'java/lang/Class'{0x0000000711f9fad8} = 'java/awt/EventQueue')}
  0x00000266648d236c: 48ba d8fa | f911 0700 | 0000 410f | be77 4885 | f60f 85a0 | 0c00 004c | 8bd0 49c1 | ea03 4489 
  0x00000266648d238c: 9280 0000 | 00f0 8344 | 24c0 0048 | 8bf2 4833 | f048 c1ee | 1548 83fe | 000f 859a 

  0x00000266648d23a8: ;   {oop(a 'java/lang/Class'{0x0000000711f9fad8} = 'java/awt/EventQueue')}
  0x00000266648d23a8: 0c00 0048 | bad8 faf9 | 1107 0000 | 008b b280 | 0000 0048 | c1e6 0348 | 89b4 24b8 | 0000 004c 
  0x00000266648d23c8: 8b84 24a8 

  0x00000266648d23cc: ;   {metadata(method data for {method} {0x0000026600188ae8} 'dispatchEventImpl' '(Ljava/awt/AWTEvent;Ljava/lang/Object;)V' in 'java/awt/EventQueue')}
  0x00000266648d23cc: 0000 0048 | bac8 1792 | 0066 0200 | 0048 8382 | b005 0000 

  0x00000266648d23e0: ;   {metadata(method data for {method} {0x00000000364aec88} 'valueOf' '(Ljava/lang/Object;)Ljava/lang/String;' in 'java/lang/String')}
  0x00000266648d23e0: 0148 bac8 | df18 0066 | 0200 008b | ba90 0000 | 0083 c702 | 89ba 9000 | 0000 81e7 | feff 1f00 
  0x00000266648d2400: 85ff 0f84 | 550c 0000 

  0x00000266648d2408: ;   {metadata(method data for {method} {0x00000000364aec88} 'valueOf' '(Ljava/lang/Object;)Ljava/lang/String;' in 'java/lang/String')}
  0x00000266648d2408: 4d85 c048 | bac8 df18 | 0066 0200 | 00bf d800 | 0000 7505 | bfe8 0000 | 0048 8b1c | 3a48 8d5b 
  0x00000266648d2428: 0148 891c | 3a0f 851f 

  0x00000266648d2430: ;   {metadata(method data for {method} {0x00000000364aec88} 'valueOf' '(Ljava/lang/Object;)Ljava/lang/String;' in 'java/lang/String')}
  0x00000266648d2430: 0000 0048 | bac8 df18 | 0066 0200 | 00ff 82f8 

  0x00000266648d2440: ;   {oop("null"{0x00000007ffe3a7f8})}
  0x00000266648d2440: 0000 0048 | bff8 a7e3 | ff07 0000 | 00e9 a500 | 0000 498b 

  0x00000266648d2454: ;   {metadata(method data for {method} {0x00000000364aec88} 'valueOf' '(Ljava/lang/Object;)Ljava/lang/String;' in 'java/lang/String')}
  0x00000266648d2454: d048 bfc8 | df18 0066 | 0200 008b | 5208 41ba | 0000 0036 | 4903 d248 | 3b97 1801 | 0000 750d 
  0x00000266648d2474: 4883 8720 | 0100 0001 | e960 0000 | 0048 3b97 | 2801 0000 | 750d 4883 | 8730 0100 | 0001 e94a 
  0x00000266648d2494: 0000 0048 | 83bf 1801 | 0000 0075 | 1748 8997 | 1801 0000 | 48c7 8720 | 0100 0001 | 0000 00e9 
  0x00000266648d24b4: 2900 0000 | 4883 bf28 | 0100 0000 | 7517 4889 | 9728 0100 | 0048 c787 | 3001 0000 | 0100 0000 
  0x00000266648d24d4: e908 0000 | 0048 8387 | 1001 0000 | 0149 8bd0 

  0x00000266648d24e4: ;   {optimized virtual_call}
  0x00000266648d24e4: 6666 90e8 

  0x00000266648d24e8: ; ImmutableOopMap {[184]=Oop }
                      ;*invokevirtual toString {reexecute=0 rethrow=0 return_oop=0}
                      ; - java.lang.String::valueOf@11 (line 4530)
                      ; - java.awt.EventQueue::dispatchEventImpl@127 (line 737)
  0x00000266648d24e8: f4c8 3407 

  0x00000266648d24ec: ;   {post_call_nop}
  0x00000266648d24ec: 0f1f 8400 | e412 0008 | 488b f890 

  0x00000266648d24f8: ;   {other}
  0x00000266648d24f8: e990 0b00 | 0090 9090 | 9090 488b 

  0x00000266648d2504: ;   {static_call}
  0x00000266648d2504: d766 90e8 

  0x00000266648d2508: ; ImmutableOopMap {[184]=Oop }
                      ;*invokedynamic {reexecute=0 rethrow=0 return_oop=0}
                      ; - java.awt.EventQueue::dispatchEventImpl@130 (line 737)
  0x00000266648d2508: d4ce 3407 

  0x00000266648d250c: ;   {post_call_nop}
  0x00000266648d250c: 0f1f 8400 | 0413 0009 

  0x00000266648d2514: ;   {metadata(method data for {method} {0x0000026600188ae8} 'dispatchEventImpl' '(Ljava/awt/AWTEvent;Ljava/lang/Object;)V' in 'java/awt/EventQueue')}
  0x00000266648d2514: 49b8 c817 | 9200 6602 | 0000 4d8d | 80e0 0500 | 0048 85c0 | 750b 41f6 | 0001 7505 | f049 8308 
  0x00000266648d2534: 0148 8bb4 | 24b8 0000 | 0048 3b06 

  0x00000266648d2540: ;   {metadata(method data for {method} {0x0000026600188ae8} 'dispatchEventImpl' '(Ljava/awt/AWTEvent;Ljava/lang/Object;)V' in 'java/awt/EventQueue')}
  0x00000266648d2540: 4c8b c649 | b9c8 1792 | 0066 0200 

  0x00000266648d254c: ;   {metadata('sun/util/logging/PlatformLogger')}
  0x00000266648d254c: 0049 bad8 | fe00 3700 | 0000 004d | 8991 f805 | 0000 4983 | 8100 0600 

  0x00000266648d2564: ;   {metadata(method data for {method} {0x00000266000f2008} 'fine' '(Ljava/lang/String;)V' in 'sun/util/logging/PlatformLogger')}
  0x00000266648d2564: 0001 49b8 | b82d 9200 | 6602 0000 | 458b 8890 | 0000 0041 | 83c1 0245 | 8988 9000 | 0000 4181 
  0x00000266648d2584: e1fe ff1f | 0045 85c9 | 0f84 0a0b | 0000 8b56 | 0c48 c1e2 | 0348 3b02 

  0x00000266648d259c: ;   {metadata(method data for {method} {0x00000266000f2008} 'fine' '(Ljava/lang/String;)V' in 'sun/util/logging/PlatformLogger')}
  0x00000266648d259c: 4c8b c249 | b9b8 2d92 | 0066 0200 | 0045 8b40 | 0841 ba00 | 0000 364d | 03c2 4d3b | 8110 0100 
  0x00000266648d25bc: 0075 0d49 | 8381 1801 | 0000 01e9 | 6000 0000 | 4d3b 8120 | 0100 0075 | 0d49 8381 | 2801 0000 
  0x00000266648d25dc: 01e9 4a00 | 0000 4983 | b910 0100 | 0000 7517 | 4d89 8110 | 0100 0049 | c781 1801 | 0000 0100 
  0x00000266648d25fc: 0000 e929 | 0000 0049 | 83b9 2001 | 0000 0075 | 174d 8981 | 2001 0000 | 49c7 8128 | 0100 0001 
  0x00000266648d261c: 0000 00e9 | 0800 0000 | 4983 8108 | 0100 0001 

  0x00000266648d262c: ;   {oop(a 'sun/util/logging/PlatformLogger$Level'{0x0000000711f569e0})}
  0x00000266648d262c: 49b8 e069 | f511 0700 | 0000 4c8b 

  0x00000266648d2638: ;   {oop(nullptr)}
  0x00000266648d2638: c848 bf00 | 0000 0000 | 0000 0066 | 9048 b850 | 96cf 0466 

  0x00000266648d264c: ;   {virtual_call}
  0x00000266648d264c: 0200 00e8 

  0x00000266648d2650: ; ImmutableOopMap {}
                      ;*invokeinterface log {reexecute=0 rethrow=0 return_oop=0}
                      ; - sun.util.logging.PlatformLogger::fine@12 (line 449)
                      ; - java.awt.EventQueue::dispatchEventImpl@135 (line 737)
  0x00000266648d2650: 8cca 3407 

  0x00000266648d2654: ;   {post_call_nop}
  0x00000266648d2654: 0f1f 8400 | 4c14 000a | 4881 c4d0 | 0000 005d 

  0x00000266648d2664: ;   {poll_return}
  0x00000266648d2664: 493b 6728 | 0f87 540a | 0000 c344 | 8b42 3449 | c1e0 0349 | 3b00 498b 

  0x00000266648d267c: ;   {metadata(method data for {method} {0x0000026600188ae8} 'dispatchEventImpl' '(Ljava/awt/AWTEvent;Ljava/lang/Object;)V' in 'java/awt/EventQueue')}
  0x00000266648d267c: d048 bec8 | 1792 0066 

  0x00000266648d2684: ;   {metadata('java/awt/EventDispatchThread')}
  0x00000266648d2684: 0200 0049 | ba48 be09 | 3700 0000 | 004c 8996 | 0005 0000 | 4883 8608 | 0500 0001 

  0x00000266648d26a0: ;   {metadata(method data for {method} {0x00000266004d9c40} 'stopDispatching' '()V' in 'java/awt/EventDispatchThread')}
  0x00000266648d26a0: 48ba 1825 | 9200 6602 | 0000 8bb2 | 9000 0000 | 83c6 0289 | b290 0000 | 0081 e6fe | ff1f 0085 
  0x00000266648d26c0: f60f 8416 | 0a00 00ba | 0000 0000 | 4188 5078 | f083 4424 

  0x00000266648d26d4: ;   {metadata(method data for {method} {0x0000026600188ae8} 'dispatchEventImpl' '(Ljava/awt/AWTEvent;Ljava/lang/Object;)V' in 'java/awt/EventQueue')}
  0x00000266648d26d4: c000 49b8 | c817 9200 | 6602 0000 | 41ff 8028 | 0500 0048 | 81c4 d000 

  0x00000266648d26ec: ;   {poll_return}
  0x00000266648d26ec: 0000 5d49 | 3b67 280f | 8705 0a00 | 00c3 4c8b | 8424 a800 | 0000 4d85 

  0x00000266648d2704: ;   {metadata(method data for {method} {0x0000026600188ae8} 'dispatchEventImpl' '(Ljava/awt/AWTEvent;Ljava/lang/Object;)V' in 'java/awt/EventQueue')}
  0x00000266648d2704: c948 bfc8 | 1792 0066 | 0200 0075 | 0c80 8fd9 | 0300 0001 | e9cf 0000 | 0041 8b59 | 0841 ba00 
  0x00000266648d2724: 0000 3649 | 03da 483b | 9fe8 0300 | 0075 0d48 | 8387 f003 | 0000 01e9 | 6000 0000 | 483b 9ff8 
  0x00000266648d2744: 0300 0075 | 0d48 8387 | 0004 0000 | 01e9 4a00 | 0000 4883 | bfe8 0300 | 0000 7517 | 4889 9fe8 
  0x00000266648d2764: 0300 0048 | c787 f003 | 0000 0100 | 0000 e929 | 0000 0048 | 83bf f803 | 0000 0075 | 1748 899f 
  0x00000266648d2784: f803 0000 | 48c7 8700 | 0400 0001 | 0000 00e9 | 0800 0000 | 4883 87e0 | 0300 0001 

  0x00000266648d27a0: ;   {other}
  0x00000266648d27a0: e97e 0900 | 0000 0000 | 0000 418b | 7908 41ba | 0000 0036 | 4903 fa48 | 3bfb 0f84 | 2c00 0000 
  0x00000266648d27c0: 8b73 1448 | 3b1c 370f | 841f 0000 | 0083 fe20 | 0f85 5709 | 0000 5753 

  0x00000266648d27d8: ;   {runtime_call C1 Runtime slow_subtype_check_blob}
  0x00000266648d27d8: e803 0442 | 075f 5b85 | db0f 8446 | 0900 00e9 | 0000 0000 | 498b d166 | 0f1f 4400 | 0048 b878 
  0x00000266648d27f8: 96cf 0466 

  0x00000266648d27fc: ;   {virtual_call}
  0x00000266648d27fc: 0200 00e8 

  0x00000266648d2800: ; ImmutableOopMap {}
                      ;*invokevirtual dispatchEvent {reexecute=0 rethrow=0 return_oop=0}
                      ; - java.awt.EventQueue::dispatchEventImpl@81 (line 730)
  0x00000266648d2800: dcc8 3407 

  0x00000266648d2804: ;   {post_call_nop}
  0x00000266648d2804: 0f1f 8400 | fc15 000b 

  0x00000266648d280c: ;   {metadata(method data for {method} {0x0000026600188ae8} 'dispatchEventImpl' '(Ljava/awt/AWTEvent;Ljava/lang/Object;)V' in 'java/awt/EventQueue')}
  0x00000266648d280c: 49b8 c817 | 9200 6602 | 0000 41ff | 8040 0400 | 0048 81c4 | d000 0000 

  0x00000266648d2824: ;   {poll_return}
  0x00000266648d2824: 5d49 3b67 | 280f 8707 | 0900 00c3 | 4c8b 8424 | a800 0000 

  0x00000266648d2838: ;   {metadata(method data for {method} {0x0000026600188ae8} 'dispatchEventImpl' '(Ljava/awt/AWTEvent;Ljava/lang/Object;)V' in 'java/awt/EventQueue')}
  0x00000266648d2838: 4d85 c948 | bfc8 1792 | 0066 0200 | 0075 0c80 | 8f11 0300 | 0001 e9a8 | 0000 0041 | 8b59 0841 
  0x00000266648d2858: ba00 0000 | 3649 03da | 483b 9f20 | 0300 0075 | 0d48 8387 | 2803 0000 | 01e9 6000 | 0000 483b 
  0x00000266648d2878: 9f30 0300 | 0075 0d48 | 8387 3803 | 0000 01e9 | 4a00 0000 | 4883 bf20 | 0300 0000 | 7517 4889 
  0x00000266648d2898: 9f20 0300 | 0048 c787 | 2803 0000 | 0100 0000 | e929 0000 | 0048 83bf | 3003 0000 | 0075 1748 
  0x00000266648d28b8: 899f 3003 | 0000 48c7 | 8738 0300 | 0001 0000 | 00e9 0800 | 0000 4883 | 8718 0300 

  0x00000266648d28d4: ;   {metadata('java/awt/MenuComponent')}
  0x00000266648d28d4: 0001 48bb | 6878 0e37 | 0000 0000 | 418b 7108 | 41ba 0000 | 0036 4903 | f248 3bde | 0f85 5608 
  0x00000266648d28f4: 0000 e900 | 0000 0049 | 8bd1 483b | 0248 8bf2 

  0x00000266648d2904: ;   {metadata(method data for {method} {0x0000026600188ae8} 'dispatchEventImpl' '(Ljava/awt/AWTEvent;Ljava/lang/Object;)V' in 'java/awt/EventQueue')}
  0x00000266648d2904: 48bf c817 | 9200 6602 | 0000 8b76 | 0841 ba00 | 0000 3649 | 03f2 483b | b750 0300 | 0075 0d48 
  0x00000266648d2924: 8387 5803 | 0000 01e9 | 6000 0000 | 483b b760 | 0300 0075 | 0d48 8387 | 6803 0000 | 01e9 4a00 
  0x00000266648d2944: 0000 4883 | bf50 0300 | 0000 7517 | 4889 b750 | 0300 0048 | c787 5803 | 0000 0100 | 0000 e929 
  0x00000266648d2964: 0000 0048 | 83bf 6003 | 0000 0075 | 1748 89b7 | 6003 0000 | 48c7 8768 | 0300 0001 | 0000 00e9 
  0x00000266648d2984: 0800 0000 | 4883 8748 | 0300 0001 | 0f1f 8000 

  0x00000266648d2994: ;   {optimized virtual_call}
  0x00000266648d2994: 0000 00e8 

  0x00000266648d2998: ; ImmutableOopMap {}
                      ;*invokevirtual dispatchEvent {reexecute=0 rethrow=0 return_oop=0}
                      ; - java.awt.EventQueue::dispatchEventImpl@63 (line 728)
  0x00000266648d2998: 44c4 3407 

  0x00000266648d299c: ;   {post_call_nop}
  0x00000266648d299c: 0f1f 8400 | 9417 000c 

  0x00000266648d29a4: ;   {metadata(method data for {method} {0x0000026600188ae8} 'dispatchEventImpl' '(Ljava/awt/AWTEvent;Ljava/lang/Object;)V' in 'java/awt/EventQueue')}
  0x00000266648d29a4: 49b8 c817 | 9200 6602 | 0000 41ff | 8078 0300 | 0048 81c4 | d000 0000 

  0x00000266648d29bc: ;   {poll_return}
  0x00000266648d29bc: 5d49 3b67 | 280f 8793 | 0700 00c3 

  0x00000266648d29c8: ;   {metadata(method data for {method} {0x0000026600188ae8} 'dispatchEventImpl' '(Ljava/awt/AWTEvent;Ljava/lang/Object;)V' in 'java/awt/EventQueue')}
  0x00000266648d29c8: 488b f248 | bfc8 1792 | 0066 0200 | 0048 8387 | 2801 0000 | 0149 8bf0 | 4c8b c60f 

  0x00000266648d29e4: ;   {optimized virtual_call}
  0x00000266648d29e4: 1f40 00e8 

  0x00000266648d29e8: ; ImmutableOopMap {[168]=Oop }
                      ;*invokevirtual setCurrentEventAndMostRecentTimeImpl {reexecute=0 rethrow=0 return_oop=0}
                      ; - java.awt.EventQueue::dispatchEventImpl@14 (line 722)
  0x00000266648d29e8: 34a8 ffff 

  0x00000266648d29ec: ;   {post_call_nop}
  0x00000266648d29ec: 0f1f 8400 | e417 000d | 4c8b 8424 | a800 0000 

  0x00000266648d29fc: ;   {metadata(method data for {method} {0x0000026600188ae8} 'dispatchEventImpl' '(Ljava/awt/AWTEvent;Ljava/lang/Object;)V' in 'java/awt/EventQueue')}
  0x00000266648d29fc: 4d85 c048 | bfc8 1792 | 0066 0200 | 0075 0c80 | 8f51 0100 | 0001 e9c3 | 0000 0041 | 8b58 0841 
  0x00000266648d2a1c: ba00 0000 | 3649 03da | 483b 9f60 | 0100 0075 | 0d48 8387 | 6801 0000 | 01e9 6000 | 0000 483b 
  0x00000266648d2a3c: 9f70 0100 | 0075 0d48 | 8387 7801 | 0000 01e9 | 4a00 0000 | 4883 bf60 | 0100 0000 | 7517 4889 
  0x00000266648d2a5c: 9f60 0100 | 0048 c787 | 6801 0000 | 0100 0000 | e929 0000 | 0048 83bf | 7001 0000 | 0075 1748 
  0x00000266648d2a7c: 899f 7001 | 0000 48c7 | 8778 0100 | 0001 0000 | 00e9 0800 | 0000 4883 | 8758 0100 

  0x00000266648d2a98: ;   {metadata('java/awt/ActiveEvent')}
  0x00000266648d2a98: 0001 48bb | 50a7 0937 | 0000 0000 | 418b 7808 | 41ba 0000 | 0036 4903 | fa48 3b5f | 200f 841f 
  0x00000266648d2ab8: 0000 0048 | 3bfb 0f84 | 1600 0000 

  0x00000266648d2ac4: ;   {runtime_call C1 Runtime slow_subtype_check_blob}
  0x00000266648d2ac4: 5753 e815 | 0142 075f | 5f85 ff0f | 849b 0600 | 00e9 0000 | 0000 498b | d048 3b02 

  0x00000266648d2ae0: ;   {metadata(method data for {method} {0x0000026600188ae8} 'dispatchEventImpl' '(Ljava/awt/AWTEvent;Ljava/lang/Object;)V' in 'java/awt/EventQueue')}
  0x00000266648d2ae0: 488b f248 | bfc8 1792 | 0066 0200 | 008b 7608 | 41ba 0000 | 0036 4903 | f248 3bb7 | 9001 0000 
  0x00000266648d2b00: 750d 4883 | 8798 0100 | 0001 e960 | 0000 0048 | 3bb7 a001 | 0000 750d | 4883 87a8 | 0100 0001 
  0x00000266648d2b20: e94a 0000 | 0048 83bf | 9001 0000 | 0075 1748 | 89b7 9001 | 0000 48c7 | 8798 0100 | 0001 0000 
  0x00000266648d2b40: 00e9 2900 | 0000 4883 | bfa0 0100 | 0000 7517 | 4889 b7a0 | 0100 0048 | c787 a801 | 0000 0100 
  0x00000266648d2b60: 0000 e908 | 0000 0048 | 8387 8801 | 0000 0166 | 0f1f 4400 | 0048 b8a0 | 96cf 0466 

  0x00000266648d2b7c: ;   {virtual_call}
  0x00000266648d2b7c: 0200 00e8 

  0x00000266648d2b80: ; ImmutableOopMap {}
                      ;*invokeinterface dispatch {reexecute=0 rethrow=0 return_oop=0}
                      ; - java.awt.EventQueue::dispatchEventImpl@21 (line 723)
  0x00000266648d2b80: 24c6 4207 

  0x00000266648d2b84: ;   {post_call_nop}
  0x00000266648d2b84: 0f1f 8400 | 7c19 000e 

  0x00000266648d2b8c: ;   {metadata(method data for {method} {0x0000026600188ae8} 'dispatchEventImpl' '(Ljava/awt/AWTEvent;Ljava/lang/Object;)V' in 'java/awt/EventQueue')}
  0x00000266648d2b8c: 48ba c817 | 9200 6602 | 0000 ff82 | b801 0000 | 4881 c4d0 | 0000 005d 

  0x00000266648d2ba4: ;   {poll_return}
  0x00000266648d2ba4: 493b 6728 | 0f87 d005 | 0000 c390 

  0x00000266648d2bb0: ;   {other}
  0x00000266648d2bb0: e9ee 0500 | 0000 0000 | 0000 80ba | 3001 0000 | 040f 85eb | 0500 0049 | 8b87 c801 | 0000 488d 
  0x00000266648d2bd0: 7828 493b | bfd8 0100 | 000f 87d3 | 0500 0049 | 89bf c801 | 0000 48c7 | 0001 0000 | 0048 8bca 
  0x00000266648d2bf0: 41ba 0000 | 0036 492b | ca89 4808 | 4833 c989 | 480c 4833 | c948 8948 | 1048 8948 | 1848 8948 
  0x00000266648d2c10: 2048 8bd0 

  0x00000266648d2c14: ;   {metadata(method data for {method} {0x0000000036477a28} 'lookup' '()Ljava/lang/invoke/MethodHandles$Lookup;' in 'java/lang/invoke/MethodHandles')}
  0x00000266648d2c14: 48be 0085 | 6c00 6602 | 0000 4883 | 8608 0100 

  0x00000266648d2c24: ;   {oop("no caller frame"{0x00000007ffe3a6d8})}
  0x00000266648d2c24: 0001 49b8 | d8a6 e3ff | 0700 0000 | 488b d048 | 8984 24c0 | 0000 000f 

  0x00000266648d2c3c: ;   {optimized virtual_call}
  0x00000266648d2c3c: 1f40 00e8 

  0x00000266648d2c40: ; ImmutableOopMap {[168]=Oop [192]=Oop }
                      ;*invokespecial <init> {reexecute=0 rethrow=0 return_oop=0}
                      ; - java.lang.invoke.MethodHandles::lookup@14 (line 127)
                      ; - sun.awt.AWTAccessor::ensureClassInitialized@0 (line 1464)
                      ; - sun.awt.AWTAccessor::getInputEventAccessor@10 (line 963)
                      ; - java.awt.AWTEvent::dispatched@7 (line 571)
                      ; - java.awt.EventQueue::dispatchEventImpl@45 (line 726)
  0x00000266648d2c40: 9cc1 3407 

  0x00000266648d2c44: ;   {post_call_nop}
  0x00000266648d2c44: 0f1f 8400 | 3c1a 000f | 488b 8424 | c000 0000 | e9d2 0500 | 0049 8b87 | 8805 0000 | 4d33 d24d 
  0x00000266648d2c64: 8997 8805 | 0000 4d33 | d24d 8997 | 9005 0000 

  0x00000266648d2c74: ;   {oop(a 'java/lang/Class'{0x0000000711f588d0} = 'sun/awt/AWTAccessor')}
  0x00000266648d2c74: 48be d088 | f511 0700 | 0000 8bb6 | 8c00 0000 | 48c1 e603 | 4c8b 8424 | a800 0000 

  0x00000266648d2c90: ;   {metadata(method data for {method} {0x00000266001267a0} 'dispatched' '()V' in 'java/awt/AWTEvent')}
  0x00000266648d2c90: 4d85 c048 | b888 1f92 | 0066 0200 | 0075 0c80 | 8831 0100 | 0001 e9a9 | 0000 0041 | 8b50 0841 
  0x00000266648d2cb0: ba00 0000 | 3649 03d2 | 483b 9040 | 0100 0075 | 0d48 8380 | 4801 0000 | 01e9 6000 | 0000 483b 
  0x00000266648d2cd0: 9050 0100 | 0075 0d48 | 8380 5801 | 0000 01e9 | 4a00 0000 | 4883 b840 | 0100 0000 | 7517 4889 
  0x00000266648d2cf0: 9040 0100 | 0048 c780 | 4801 0000 | 0100 0000 | e929 0000 | 0048 83b8 | 5001 0000 | 0075 1748 
  0x00000266648d2d10: 8990 5001 | 0000 48c7 | 8058 0100 | 0001 0000 | 00e9 0800 | 0000 4883 | 8038 0100 

  0x00000266648d2d2c: ;   {metadata('java/awt/event/InputEvent')}
  0x00000266648d2d2c: 0001 48ba | 1051 0137 | 0000 0000 | 418b 4008 | 41ba 0000 | 0036 4903 | c248 3b50 | 500f 8570 
  0x00000266648d2d4c: 0400 00e9 | 0000 0000 | 498b f848 | 85f6 0f84 | 2500 0000 

  0x00000266648d2d60: ;   {metadata('java/awt/event/InputEvent$1')}
  0x00000266648d2d60: 48b9 485c | 0137 0000 | 0000 8b56 | 0841 ba00 | 0000 3649 | 03d2 483b | 4a38 0f85 | 4804 0000 
  0x00000266648d2d80: e900 0000 | 0048 8bde 

  0x00000266648d2d88: ; implicit exception: dispatches to 0x00000266648d31cd
                      ;   {metadata(method data for {method} {0x00000266001267a0} 'dispatched' '()V' in 'java/awt/AWTEvent')}
  0x00000266648d2d88: 483b 0648 | bb88 1f92 | 0066 0200 

  0x00000266648d2d94: ;   {metadata('java/awt/event/InputEvent$1')}
  0x00000266648d2d94: 0049 ba48 | 5c01 3700 | 0000 004c | 8993 7001 | 0000 4883 | 8378 0100 

  0x00000266648d2dac: ;   {metadata(method data for {method} {0x0000026600129590} 'setCanAccessSystemClipboard' '(Ljava/awt/event/InputEvent;Z)V' in 'java/awt/event/InputEvent$1')}
  0x00000266648d2dac: 0001 48be | a022 9200 | 6602 0000 | 8b9e 9000 | 0000 83c3 | 0289 9e90 | 0000 0081 | e3fe ff1f 
  0x00000266648d2dcc: 0085 db0f | 84fd 0300 | 00c6 4728 

  0x00000266648d2dd8: ;   {metadata(method data for {method} {0x0000026600188ae8} 'dispatchEventImpl' '(Ljava/awt/AWTEvent;Ljava/lang/Object;)V' in 'java/awt/EventQueue')}
  0x00000266648d2dd8: 0048 bec8 | 1792 0066 | 0200 00ff | 86b0 0200 | 0048 81c4 | d000 0000 

  0x00000266648d2df0: ;   {poll_return}
  0x00000266648d2df0: 5d49 3b67 | 280f 87fd | 0300 00c3 

  0x00000266648d2dfc: ;   {metadata({method} {0x0000026600188ae8} 'dispatchEventImpl' '(Ljava/awt/AWTEvent;Ljava/lang/Object;)V' in 'java/awt/EventQueue')}
  0x00000266648d2dfc: 49ba e08a | 1800 6602 | 0000 4c89 | 5424 0848 | c704 24ff 

  0x00000266648d2e10: ;   {runtime_call C1 Runtime counter_overflow_blob}
  0x00000266648d2e10: ffff ffe8 

  0x00000266648d2e14: ; ImmutableOopMap {rdx=Oop r8=Oop r9=Oop [168]=Oop }
                      ;*synchronization entry
                      ; - java.awt.EventQueue::dispatchEventImpl@-1 (line 719)
  0x00000266648d2e14: c827 4207 | e951 e5ff 

  0x00000266648d2e1c: ;   {runtime_call C1 Runtime throw_null_pointer_exception_blob}
  0x00000266648d2e1c: ffe8 3efd 

  0x00000266648d2e20: ; ImmutableOopMap {rdx=Oop r8=Oop r9=Oop [168]=Oop }
                      ;*putfield isPosted {reexecute=1 rethrow=0 return_oop=0}
                      ; - (reexecute) java.awt.EventQueue::dispatchEventImpl@2 (line 719)
  0x00000266648d2e20: 3807 4c89 

  0x00000266648d2e24: ;   {runtime_call C1 Runtime throw_class_cast_exception_blob}
  0x00000266648d2e24: 0c24 e8b5 

  0x00000266648d2e28: ; ImmutableOopMap {r8=Oop [168]=Oop }
                      ;*checkcast {reexecute=0 rethrow=0 return_oop=0}
                      ; - java.awt.EventQueue::dispatchEventImpl@37 (line 725)
                      ;   {runtime_call C1 Runtime throw_null_pointer_exception_blob}
  0x00000266648d2e28: f741 07e8 

  0x00000266648d2e2c: ; ImmutableOopMap {r8=Oop rdx=Oop [168]=Oop }
                      ;*invokevirtual dispatchEvent {reexecute=0 rethrow=0 return_oop=0}
                      ; - java.awt.EventQueue::dispatchEventImpl@41 (line 725)
  0x00000266648d2e2c: 30fd 3807 

  0x00000266648d2e30: ;   {metadata({method} {0x00000266000d9118} 'dispatchEvent' '(Ljava/awt/AWTEvent;)V' in 'java/awt/Component')}
  0x00000266648d2e30: 49ba 1091 | 0d00 6602 | 0000 4c89 | 5424 0848 | c704 24ff 

  0x00000266648d2e44: ;   {runtime_call C1 Runtime counter_overflow_blob}
  0x00000266648d2e44: ffff ffe8 

  0x00000266648d2e48: ; ImmutableOopMap {r8=Oop rdx=Oop [168]=Oop }
                      ;*synchronization entry
                      ; - java.awt.Component::dispatchEvent@-1 (line 4790)
                      ; - java.awt.EventQueue::dispatchEventImpl@41 (line 725)
  0x00000266648d2e48: 9427 4207 | e9ac e8ff 

  0x00000266648d2e50: ;   {metadata({method} {0x00000266001267a0} 'dispatched' '()V' in 'java/awt/AWTEvent')}
  0x00000266648d2e50: ff49 ba98 | 6712 0066 | 0200 004c | 8954 2408 | 48c7 0424 | ffff ffff 

  0x00000266648d2e68: ;   {runtime_call C1 Runtime counter_overflow_blob}
  0x00000266648d2e68: e873 2742 

  0x00000266648d2e6c: ; ImmutableOopMap {[168]=Oop }
                      ;*synchronization entry
                      ; - java.awt.AWTEvent::dispatched@-1 (line 570)
                      ; - java.awt.EventQueue::dispatchEventImpl@45 (line 726)
  0x00000266648d2e6c: 07e9 f6e9 

  0x00000266648d2e70: ;   {metadata({method} {0x0000026600106a38} 'getInputEventAccessor' '()Lsun/awt/AWTAccessor$InputEventAccessor;' in 'sun/awt/AWTAccessor')}
  0x00000266648d2e70: ffff 49ba | 306a 1000 | 6602 0000 | 4c89 5424 | 0848 c704 | 24ff ffff 

  0x00000266648d2e88: ;   {runtime_call C1 Runtime counter_overflow_blob}
  0x00000266648d2e88: ffe8 5227 

  0x00000266648d2e8c: ; ImmutableOopMap {r8=Oop [168]=Oop }
                      ;*synchronization entry
                      ; - sun.awt.AWTAccessor::getInputEventAccessor@-1 (line 961)
                      ; - java.awt.AWTEvent::dispatched@7 (line 571)
                      ; - java.awt.EventQueue::dispatchEventImpl@45 (line 726)
  0x00000266648d2e8c: 4207 e90e 

  0x00000266648d2e90: ;   {metadata({method} {0x00000266001091f8} 'ensureClassInitialized' '(Ljava/lang/Class;)V' in 'sun/awt/AWTAccessor')}
  0x00000266648d2e90: ebff ff49 | baf0 9110 | 0066 0200 | 004c 8954 | 2408 48c7 | 0424 ffff 

  0x00000266648d2ea8: ;   {runtime_call C1 Runtime counter_overflow_blob}
  0x00000266648d2ea8: ffff e831 

  0x00000266648d2eac: ; ImmutableOopMap {[168]=Oop }
                      ;*synchronization entry
                      ; - sun.awt.AWTAccessor::ensureClassInitialized@-1 (line 1464)
                      ; - sun.awt.AWTAccessor::getInputEventAccessor@10 (line 963)
                      ; - java.awt.AWTEvent::dispatched@7 (line 571)
                      ; - java.awt.EventQueue::dispatchEventImpl@45 (line 726)
  0x00000266648d2eac: 2742 07e9 | 65eb ffff 

  0x00000266648d2eb4: ;   {metadata({method} {0x0000000036477a28} 'lookup' '()Ljava/lang/invoke/MethodHandles$Lookup;' in 'java/lang/invoke/MethodHandles')}
  0x00000266648d2eb4: 49ba 207a | 4736 0000 | 0000 4c89 | 5424 0848 | c704 24ff 

  0x00000266648d2ec8: ;   {runtime_call C1 Runtime counter_overflow_blob}
  0x00000266648d2ec8: ffff ffe8 

  0x00000266648d2ecc: ; ImmutableOopMap {[168]=Oop }
                      ;*synchronization entry
                      ; - java.lang.invoke.MethodHandles::lookup@-1 (line 125)
                      ; - sun.awt.AWTAccessor::ensureClassInitialized@0 (line 1464)
                      ; - sun.awt.AWTAccessor::getInputEventAccessor@10 (line 963)
                      ; - java.awt.AWTEvent::dispatched@7 (line 571)
                      ; - java.awt.EventQueue::dispatchEventImpl@45 (line 726)
  0x00000266648d2ecc: 1027 4207 | e97d ebff | ff48 8bd2 

  0x00000266648d2ed8: ;   {runtime_call C1 Runtime fast_new_instance_blob}
  0x00000266648d2ed8: e883 f338 

  0x00000266648d2edc: ; ImmutableOopMap {r8=Oop [168]=Oop }
                      ;*new {reexecute=0 rethrow=0 return_oop=0}
                      ; - java.lang.invoke.MethodHandles::lookup@18 (line 129)
                      ; - sun.awt.AWTAccessor::ensureClassInitialized@0 (line 1464)
                      ; - sun.awt.AWTAccessor::getInputEventAccessor@10 (line 963)
                      ; - java.awt.AWTEvent::dispatched@7 (line 571)
                      ; - java.awt.EventQueue::dispatchEventImpl@45 (line 726)
  0x00000266648d2edc: 07e9 10ec 

  0x00000266648d2ee0: ;   {metadata({method} {0x000000003647bcd8} '<init>' '(Ljava/lang/Class;)V' in 'java/lang/invoke/MethodHandles$Lookup')}
  0x00000266648d2ee0: ffff 49ba | d0bc 4736 | 0000 0000 | 4c89 5424 | 0848 c704 | 24ff ffff 

  0x00000266648d2ef8: ;   {runtime_call C1 Runtime counter_overflow_blob}
  0x00000266648d2ef8: ffe8 e226 

  0x00000266648d2efc: ; ImmutableOopMap {r8=Oop rax=Oop [168]=Oop }
                      ;*synchronization entry
                      ; - java.lang.invoke.MethodHandles$Lookup::<init>@-1 (line 1533)
                      ; - java.lang.invoke.MethodHandles::lookup@23 (line 129)
                      ; - sun.awt.AWTAccessor::ensureClassInitialized@0 (line 1464)
                      ; - sun.awt.AWTAccessor::getInputEventAccessor@10 (line 963)
                      ; - java.awt.AWTEvent::dispatched@7 (line 571)
                      ; - java.awt.EventQueue::dispatchEventImpl@45 (line 726)
  0x00000266648d2efc: 4207 e92d 

  0x00000266648d2f00: ;   {metadata(nullptr)}
  0x00000266648d2f00: ecff ff48 | b800 0000 | 0000 0000 | 00b8 000f 

  0x00000266648d2f10: ;   {runtime_call C1 Runtime load_klass_patching_blob}
  0x00000266648d2f10: 050a e849 

  0x00000266648d2f14: ; ImmutableOopMap {rdx=Oop r9=Oop [168]=Oop }
                      ;*instanceof {reexecute=1 rethrow=0 return_oop=0}
                      ; - (reexecute) java.awt.EventQueue::dispatchEventImpl@70 (line 729)
  0x00000266648d2f14: 1642 07e9 | b4ee ffff 

  0x00000266648d2f1c: ;   {metadata({method} {0x0000026600188120} 'noEvents' '()Z' in 'java/awt/EventQueue')}
  0x00000266648d2f1c: 49ba 1881 | 1800 6602 | 0000 4c89 | 5424 0848 | c704 24ff 

  0x00000266648d2f30: ;   {runtime_call C1 Runtime counter_overflow_blob}
  0x00000266648d2f30: ffff ffe8 

  0x00000266648d2f34: ; ImmutableOopMap {rdx=Oop }
                      ;*synchronization entry
                      ; - java.awt.EventQueue::noEvents@-1 (line 520)
                      ; - java.awt.EventQueue::dispatchEventImpl@95 (line 732)
  0x00000266648d2f34: a826 4207 | e946 f0ff 

  0x00000266648d2f3c: ;   {runtime_call C1 Runtime throw_null_pointer_exception_blob}
  0x00000266648d2f3c: ffe8 1efc 

  0x00000266648d2f40: ; ImmutableOopMap {rdx=Oop rdi=Oop }
                      ;*aaload {reexecute=0 rethrow=0 return_oop=0}
                      ; - java.awt.EventQueue::noEvents@12 (line 521)
                      ; - java.awt.EventQueue::dispatchEventImpl@95 (line 732)
                      ;   {runtime_call C1 Runtime throw_null_pointer_exception_blob}
  0x00000266648d2f40: 3807 e819 

  0x00000266648d2f44: ; ImmutableOopMap {rdx=Oop rdi=Oop }
                      ;*aaload {reexecute=0 rethrow=0 return_oop=0}
                      ; - java.awt.EventQueue::noEvents@12 (line 521)
                      ; - java.awt.EventQueue::dispatchEventImpl@95 (line 732)
  0x00000266648d2f44: fc38 0748 | 8934 2448 | 897c 2408 

  0x00000266648d2f50: ;   {runtime_call C1 Runtime throw_range_check_failed_blob}
  0x00000266648d2f50: e80b 0539 

  0x00000266648d2f54: ; ImmutableOopMap {rdx=Oop rdi=Oop }
                      ;*aaload {reexecute=0 rethrow=0 return_oop=0}
                      ; - java.awt.EventQueue::noEvents@12 (line 521)
                      ; - java.awt.EventQueue::dispatchEventImpl@95 (line 732)
                      ;   {runtime_call C1 Runtime throw_null_pointer_exception_blob}
  0x00000266648d2f54: 07e8 06fc 

  0x00000266648d2f58: ; ImmutableOopMap {rdx=Oop }
                      ;*getfield head {reexecute=1 rethrow=0 return_oop=0}
                      ; - (reexecute) java.awt.EventQueue::noEvents@13 (line 521)
                      ; - java.awt.EventQueue::dispatchEventImpl@95 (line 732)
                      ;   {metadata({method} {0x0000026600188120} 'noEvents' '()Z' in 'java/awt/EventQueue')}
  0x00000266648d2f58: 3807 49ba | 1881 1800 | 6602 0000 | 4c89 5424 | 0848 c704 | 2418 0000 

  0x00000266648d2f70: ;   {runtime_call C1 Runtime counter_overflow_blob}
  0x00000266648d2f70: 00e8 6a26 

  0x00000266648d2f74: ; ImmutableOopMap {rdx=Oop }
                      ;*goto {reexecute=1 rethrow=0 return_oop=0}
                      ; - (reexecute) java.awt.EventQueue::noEvents@24 (line 520)
                      ; - java.awt.EventQueue::dispatchEventImpl@95 (line 732)
  0x00000266648d2f74: 4207 e98b 

  0x00000266648d2f78: ;   {metadata({method} {0x0000026600186ef0} 'getEventLog' '()Lsun/util/logging/PlatformLogger;' in 'java/awt/EventQueue')}
  0x00000266648d2f78: f0ff ff49 | bae8 6e18 | 0066 0200 | 004c 8954 | 2408 48c7 | 0424 ffff 

  0x00000266648d2f90: ;   {runtime_call C1 Runtime counter_overflow_blob}
  0x00000266648d2f90: ffff e849 

  0x00000266648d2f94: ; ImmutableOopMap {[168]=Oop }
                      ;*synchronization entry
                      ; - java.awt.EventQueue::getEventLog@-1 (line 180)
                      ; - java.awt.EventQueue::dispatchEventImpl@111 (line 736)
  0x00000266648d2f94: 2642 07e9 | 28f1 ffff | 418b 9080 | 0000 0048 | c1e2 0348 | 83fa 000f | 8492 f1ff | ff48 8914 
  0x00000266648d2fb4: ;   {runtime_call g1_pre_barrier_slow}
  0x00000266648d2fb4: 24e8 262c | 4207 e984 | f1ff ff48 | 83f8 000f | 84a2 f1ff | ff4c 8904 

  0x00000266648d2fcc: ;   {runtime_call g1_post_barrier_slow}
  0x00000266648d2fcc: 24e8 0e2f | 4207 e994 

  0x00000266648d2fd4: ;   {runtime_call C1 Runtime throw_null_pointer_exception_blob}
  0x00000266648d2fd4: f1ff ffe8 

  0x00000266648d2fd8: ; ImmutableOopMap {r8=Oop [168]=Oop }
                      ;*invokevirtual isLoggable {reexecute=0 rethrow=0 return_oop=0}
                      ; - java.awt.EventQueue::dispatchEventImpl@117 (line 736)
  0x00000266648d2fd8: 84fb 3807 

  0x00000266648d2fdc: ;   {metadata({method} {0x00000266000f13b0} 'isLoggable' '(Lsun/util/logging/PlatformLogger$Level;)Z' in 'sun/util/logging/PlatformLogger')}
  0x00000266648d2fdc: 49ba a813 | 0f00 6602 | 0000 4c89 | 5424 0848 | c704 24ff 

  0x00000266648d2ff0: ;   {runtime_call C1 Runtime counter_overflow_blob}
  0x00000266648d2ff0: ffff ffe8 

  0x00000266648d2ff4: ; ImmutableOopMap {r8=Oop [168]=Oop }
                      ;*synchronization entry
                      ; - sun.util.logging.PlatformLogger::isLoggable@-1 (line 336)
                      ; - java.awt.EventQueue::dispatchEventImpl@117 (line 736)
  0x00000266648d2ff4: e825 4207 | e9d3 f1ff 

  0x00000266648d2ffc: ;   {runtime_call C1 Runtime throw_null_pointer_exception_blob}
  0x00000266648d2ffc: ffe8 5efb 

  0x00000266648d3000: ; ImmutableOopMap {rdx=Oop [168]=Oop }
                      ;*invokeinterface isLoggable {reexecute=0 rethrow=0 return_oop=0}
                      ; - sun.util.logging.PlatformLogger::isLoggable@17 (line 340)
                      ; - java.awt.EventQueue::dispatchEventImpl@117 (line 736)
                      ;   {metadata({method} {0x0000026600186ef0} 'getEventLog' '()Lsun/util/logging/PlatformLogger;' in 'java/awt/EventQueue')}
  0x00000266648d3000: 3807 49ba | e86e 1800 | 6602 0000 | 4c89 5424 | 0848 c704 | 24ff ffff 

  0x00000266648d3018: ;   {runtime_call C1 Runtime counter_overflow_blob}
  0x00000266648d3018: ffe8 c225 

  0x00000266648d301c: ; ImmutableOopMap {[168]=Oop }
                      ;*synchronization entry
                      ; - java.awt.EventQueue::getEventLog@-1 (line 180)
                      ; - java.awt.EventQueue::dispatchEventImpl@123 (line 737)
  0x00000266648d301c: 4207 e9df | f2ff ff8b | b280 0000 | 0048 c1e6 | 0348 83fe | 000f 844c | f3ff ff48 

  0x00000266648d3038: ;   {runtime_call g1_pre_barrier_slow}
  0x00000266648d3038: 8934 24e8 | a02b 4207 | e93e f3ff | ff48 83f8 | 000f 845c | f3ff ff48 

  0x00000266648d3050: ;   {runtime_call g1_post_barrier_slow}
  0x00000266648d3050: 8914 24e8 | 882e 4207 | e94e f3ff 

  0x00000266648d305c: ;   {metadata({method} {0x00000000364aec88} 'valueOf' '(Ljava/lang/Object;)Ljava/lang/String;' in 'java/lang/String')}
  0x00000266648d305c: ff49 ba80 | ec4a 3600 | 0000 004c | 8954 2408 | 48c7 0424 | ffff ffff 

  0x00000266648d3074: ;   {runtime_call C1 Runtime counter_overflow_blob}
  0x00000266648d3074: e867 2542 

  0x00000266648d3078: ; ImmutableOopMap {rsi=Oop r8=Oop [168]=Oop [184]=Oop }
                      ;*synchronization entry
                      ; - java.lang.String::valueOf@-1 (line 4530)
                      ; - java.awt.EventQueue::dispatchEventImpl@127 (line 737)
  0x00000266648d3078: 07e9 8af3 | ffff 49b8 | 0000 0000 | 0000 0000 | b800 0f05 

  0x00000266648d308c: ;   {runtime_call C1 Runtime load_appendix_patching_blob}
  0x00000266648d308c: 0ae8 ce1d 

  0x00000266648d3090: ; ImmutableOopMap {rdi=Oop [184]=Oop }
                      ;*invokedynamic {reexecute=1 rethrow=0 return_oop=0}
                      ; - (reexecute) java.awt.EventQueue::dispatchEventImpl@130 (line 737)
  0x00000266648d3090: 4207 e961 

  0x00000266648d3094: ;   {runtime_call C1 Runtime throw_null_pointer_exception_blob}
  0x00000266648d3094: f4ff ffe8 

  0x00000266648d3098: ; ImmutableOopMap {rax=Oop rsi=Oop [184]=Oop }
                      ;*invokevirtual fine {reexecute=0 rethrow=0 return_oop=0}
                      ; - java.awt.EventQueue::dispatchEventImpl@135 (line 737)
  0x00000266648d3098: c4fa 3807 

  0x00000266648d309c: ;   {metadata({method} {0x00000266000f2008} 'fine' '(Ljava/lang/String;)V' in 'sun/util/logging/PlatformLogger')}
  0x00000266648d309c: 49ba 0020 | 0f00 6602 | 0000 4c89 | 5424 0848 | c704 24ff 

  0x00000266648d30b0: ;   {runtime_call C1 Runtime counter_overflow_blob}
  0x00000266648d30b0: ffff ffe8 

  0x00000266648d30b4: ; ImmutableOopMap {rax=Oop rsi=Oop [184]=Oop }
                      ;*synchronization entry
                      ; - sun.util.logging.PlatformLogger::fine@-1 (line 449)
                      ; - java.awt.EventQueue::dispatchEventImpl@135 (line 737)
  0x00000266648d30b4: 2825 4207 | e9d5 f4ff 

  0x00000266648d30bc: ;   {runtime_call C1 Runtime throw_null_pointer_exception_blob}
  0x00000266648d30bc: ffe8 9efa 

  0x00000266648d30c0: ; ImmutableOopMap {rax=Oop rdx=Oop }
                      ;*invokeinterface log {reexecute=0 rethrow=0 return_oop=0}
                      ; - sun.util.logging.PlatformLogger::fine@12 (line 449)
                      ; - java.awt.EventQueue::dispatchEventImpl@135 (line 737)
                      ;   {internal_word}
  0x00000266648d30c0: 3807 49ba | 6426 8d64 | 6602 0000 | 4d89 97e0 

  0x00000266648d30d0: ;   {runtime_call SafepointBlob}
  0x00000266648d30d0: 0400 00e9 | 88de 3407 

  0x00000266648d30d8: ;   {runtime_call C1 Runtime throw_null_pointer_exception_blob}
  0x00000266648d30d8: e883 fa38 

  0x00000266648d30dc: ; ImmutableOopMap {r8=Oop }
                      ;*invokevirtual stopDispatching {reexecute=0 rethrow=0 return_oop=0}
                      ; - java.awt.EventQueue::dispatchEventImpl@105 (line 733)
                      ;   {metadata({method} {0x00000266004d9c40} 'stopDispatching' '()V' in 'java/awt/EventDispatchThread')}
  0x00000266648d30dc: 0749 ba38 | 9c4d 0066 | 0200 004c | 8954 2408 | 48c7 0424 | ffff ffff 

  0x00000266648d30f4: ;   {runtime_call C1 Runtime counter_overflow_blob}
  0x00000266648d30f4: e8e7 2442 

  0x00000266648d30f8: ; ImmutableOopMap {r8=Oop }
                      ;*synchronization entry
                      ; - java.awt.EventDispatchThread::stopDispatching@-1 (line 85)
                      ; - java.awt.EventQueue::dispatchEventImpl@105 (line 733)
  0x00000266648d30f8: 07e9 c9f5 

  0x00000266648d30fc: ;   {internal_word}
  0x00000266648d30fc: ffff 49ba | ef26 8d64 | 6602 0000 | 4d89 97e0 

  0x00000266648d310c: ;   {runtime_call SafepointBlob}
  0x00000266648d310c: 0400 00e9 | 4cde 3407 

  0x00000266648d3114: ;   {metadata(nullptr)}
  0x00000266648d3114: 48bb 0000 | 0000 0000 | 0000 b800 

  0x00000266648d3120: ;   {runtime_call C1 Runtime load_klass_patching_blob}
  0x00000266648d3120: 0f05 0ae8 

  0x00000266648d3124: ; ImmutableOopMap {r9=Oop r8=Oop [168]=Oop }
                      ;*checkcast {reexecute=1 rethrow=0 return_oop=0}
                      ; - (reexecute) java.awt.EventQueue::dispatchEventImpl@77 (line 730)
  0x00000266648d3124: 3814 4207 | e973 f6ff | ff4c 890c 

  0x00000266648d3130: ;   {runtime_call C1 Runtime throw_class_cast_exception_blob}
  0x00000266648d3130: 24e8 aaf4 

  0x00000266648d3134: ; ImmutableOopMap {r9=Oop r8=Oop [168]=Oop }
                      ;*checkcast {reexecute=0 rethrow=0 return_oop=0}
                      ; - java.awt.EventQueue::dispatchEventImpl@77 (line 730)
                      ;   {internal_word}
  0x00000266648d3134: 4107 49ba | 2528 8d64 | 6602 0000 | 4d89 97e0 

  0x00000266648d3144: ;   {runtime_call SafepointBlob}
  0x00000266648d3144: 0400 00e9 | 14de 3407 | 4c89 0c24 

  0x00000266648d3150: ;   {runtime_call C1 Runtime throw_class_cast_exception_blob}
  0x00000266648d3150: e88b f441 

  0x00000266648d3154: ; ImmutableOopMap {r8=Oop [168]=Oop }
                      ;*checkcast {reexecute=0 rethrow=0 return_oop=0}
                      ; - java.awt.EventQueue::dispatchEventImpl@59 (line 728)
                      ;   {runtime_call C1 Runtime throw_null_pointer_exception_blob}
  0x00000266648d3154: 07e8 06fa 

  0x00000266648d3158: ; ImmutableOopMap {r8=Oop rdx=Oop [168]=Oop }
                      ;*invokevirtual dispatchEvent {reexecute=0 rethrow=0 return_oop=0}
                      ; - java.awt.EventQueue::dispatchEventImpl@63 (line 728)
                      ;   {internal_word}
  0x00000266648d3158: 3807 49ba | bd29 8d64 | 6602 0000 | 4d89 97e0 

  0x00000266648d3168: ;   {runtime_call SafepointBlob}
  0x00000266648d3168: 0400 00e9 | f0dd 3407 | 4c89 0424 

  0x00000266648d3174: ;   {runtime_call C1 Runtime throw_class_cast_exception_blob}
  0x00000266648d3174: e867 f441 

  0x00000266648d3178: ; ImmutableOopMap {}
                      ;*checkcast {reexecute=0 rethrow=0 return_oop=0}
                      ; - java.awt.EventQueue::dispatchEventImpl@18 (line 723)
                      ;   {runtime_call C1 Runtime throw_null_pointer_exception_blob}
  0x00000266648d3178: 07e8 e2f9 

  0x00000266648d317c: ; ImmutableOopMap {rdx=Oop }
                      ;*invokeinterface dispatch {reexecute=0 rethrow=0 return_oop=0}
                      ; - java.awt.EventQueue::dispatchEventImpl@21 (line 723)
                      ;   {internal_word}
  0x00000266648d317c: 3807 49ba | a42b 8d64 | 6602 0000 | 4d89 97e0 

  0x00000266648d318c: ;   {runtime_call SafepointBlob}
  0x00000266648d318c: 0400 00e9 | ccdd 3407 

  0x00000266648d3194: ;   {metadata(nullptr)}
  0x00000266648d3194: 48ba 0000 | 0000 0000 | 0000 b800 

  0x00000266648d31a0: ;   {runtime_call C1 Runtime load_klass_patching_blob}
  0x00000266648d31a0: 0f05 0ae8 

  0x00000266648d31a4: ; ImmutableOopMap {[168]=Oop }
                      ;*new {reexecute=1 rethrow=0 return_oop=0}
                      ; - (reexecute) java.lang.invoke.MethodHandles::lookup@8 (line 127)
                      ; - sun.awt.AWTAccessor::ensureClassInitialized@0 (line 1464)
                      ; - sun.awt.AWTAccessor::getInputEventAccessor@10 (line 963)
                      ; - java.awt.AWTEvent::dispatched@7 (line 571)
                      ; - java.awt.EventQueue::dispatchEventImpl@45 (line 726)
  0x00000266648d31a4: b813 4207 | e903 faff 

  0x00000266648d31ac: ;   {runtime_call C1 Runtime throw_null_pointer_exception_blob}
  0x00000266648d31ac: ffe8 aef9 

  0x00000266648d31b0: ; ImmutableOopMap {[168]=Oop }
                      ;*new {reexecute=0 rethrow=0 return_oop=0}
                      ; - java.lang.invoke.MethodHandles::lookup@8 (line 127)
                      ; - sun.awt.AWTAccessor::ensureClassInitialized@0 (line 1464)
                      ; - sun.awt.AWTAccessor::getInputEventAccessor@10 (line 963)
                      ; - java.awt.AWTEvent::dispatched@7 (line 571)
                      ; - java.awt.EventQueue::dispatchEventImpl@45 (line 726)
  0x00000266648d31b0: 3807 488b 

  0x00000266648d31b4: ;   {runtime_call C1 Runtime fast_new_instance_init_check_blob}
  0x00000266648d31b4: d2e8 a6ed 

  0x00000266648d31b8: ; ImmutableOopMap {[168]=Oop }
                      ;*new {reexecute=0 rethrow=0 return_oop=0}
                      ; - java.lang.invoke.MethodHandles::lookup@8 (line 127)
                      ; - sun.awt.AWTAccessor::ensureClassInitialized@0 (line 1464)
                      ; - sun.awt.AWTAccessor::getInputEventAccessor@10 (line 963)
                      ; - java.awt.AWTEvent::dispatched@7 (line 571)
                      ; - java.awt.EventQueue::dispatchEventImpl@45 (line 726)
  0x00000266648d31b8: 3807 e952 | faff ff4c 

  0x00000266648d31c0: ;   {runtime_call C1 Runtime throw_class_cast_exception_blob}
  0x00000266648d31c0: 8904 24e8 

  0x00000266648d31c4: ; ImmutableOopMap {rsi=Oop }
                      ;*checkcast {reexecute=0 rethrow=0 return_oop=0}
                      ; - java.awt.AWTEvent::dispatched@11 (line 571)
                      ; - java.awt.EventQueue::dispatchEventImpl@45 (line 726)
  0x00000266648d31c4: 18f4 4107 

  0x00000266648d31c8: ;   {runtime_call C1 Runtime throw_incompatible_class_change_error_blob}
  0x00000266648d31c8: e813 f741 

  0x00000266648d31cc: ; ImmutableOopMap {rsi=Oop rdi=Oop }
                      ;*invokeinterface setCanAccessSystemClipboard {reexecute=0 rethrow=0 return_oop=0}
                      ; - java.awt.AWTEvent::dispatched@15 (line 572)
                      ; - java.awt.EventQueue::dispatchEventImpl@45 (line 726)
                      ;   {runtime_call C1 Runtime throw_null_pointer_exception_blob}
  0x00000266648d31cc: 07e8 8ef9 

  0x00000266648d31d0: ; ImmutableOopMap {rsi=Oop rdi=Oop }
                      ;*invokeinterface setCanAccessSystemClipboard {reexecute=0 rethrow=0 return_oop=0}
                      ; - java.awt.AWTEvent::dispatched@15 (line 572)
                      ; - java.awt.EventQueue::dispatchEventImpl@45 (line 726)
                      ;   {metadata({method} {0x0000026600129590} 'setCanAccessSystemClipboard' '(Ljava/awt/event/InputEvent;Z)V' in 'java/awt/event/InputEvent$1')}
  0x00000266648d31d0: 3807 49ba | 8895 1200 | 6602 0000 | 4c89 5424 | 0848 c704 | 24ff ffff 

  0x00000266648d31e8: ;   {runtime_call C1 Runtime counter_overflow_blob}
  0x00000266648d31e8: ffe8 f223 

  0x00000266648d31ec: ; ImmutableOopMap {rdi=Oop }
                      ;*synchronization entry
                      ; - java.awt.event.InputEvent$1::setCanAccessSystemClipboard@-1 (line 338)
                      ; - java.awt.AWTEvent::dispatched@15 (line 572)
                      ; - java.awt.EventQueue::dispatchEventImpl@45 (line 726)
  0x00000266648d31ec: 4207 e9e2 

  0x00000266648d31f0: ;   {runtime_call C1 Runtime throw_null_pointer_exception_blob}
  0x00000266648d31f0: fbff ffe8 

  0x00000266648d31f4: ; ImmutableOopMap {}
                      ;*putfield canAccessSystemClipboard {reexecute=1 rethrow=0 return_oop=0}
                      ; - (reexecute) java.awt.event.InputEvent$1::setCanAccessSystemClipboard@2 (line 338)
                      ; - java.awt.AWTEvent::dispatched@15 (line 572)
                      ; - java.awt.EventQueue::dispatchEventImpl@45 (line 726)
  0x00000266648d31f4: 68f9 3807 

  0x00000266648d31f8: ;   {internal_word}
  0x00000266648d31f8: 49ba f12d | 8d64 6602 | 0000 4d89 | 97e0 0400 

  0x00000266648d3208: ;   {runtime_call SafepointBlob}
  0x00000266648d3208: 00e9 52dd | 3407 498b | 8788 0500 | 0049 c787 | 8805 0000 | 0000 0000 | 49c7 8790 | 0500 0000 
  0x00000266648d3228: 0000 0048 | 81c4 d000 

  0x00000266648d3230: ;   {runtime_call C1 Runtime unwind_exception_blob}
  0x00000266648d3230: 0000 5de9 | 2808 3907 
[Stub Code]
  0x00000266648d3238: ;   {other}
  0x00000266648d3238: 0f1f 4400 

  0x00000266648d323c: ;   {static_stub}
  0x00000266648d323c: 0048 bb00 | 0000 0000 

  0x00000266648d3244: ;   {runtime_call nmethod}
  0x00000266648d3244: 0000 00e9 | fbff ffff 

  0x00000266648d324c: ;   {static_stub}
  0x00000266648d324c: 9048 bb00 | 0000 0000 

  0x00000266648d3254: ;   {runtime_call nmethod}
  0x00000266648d3254: 0000 00e9 | fbff ffff 

  0x00000266648d325c: ;   {static_stub}
  0x00000266648d325c: 9048 bb00 | 0000 0000 

  0x00000266648d3264: ;   {runtime_call nmethod}
  0x00000266648d3264: 0000 00e9 | fbff ffff 

  0x00000266648d326c: ;   {static_stub}
  0x00000266648d326c: 9048 bb00 | 0000 0000 

  0x00000266648d3274: ;   {runtime_call nmethod}
  0x00000266648d3274: 0000 00e9 | fbff ffff 

  0x00000266648d327c: ;   {static_stub}
  0x00000266648d327c: 9048 bb00 | 0000 0000 

  0x00000266648d3284: ;   {runtime_call nmethod}
  0x00000266648d3284: 0000 00e9 | fbff ffff 

  0x00000266648d328c: ;   {static_stub}
  0x00000266648d328c: 9048 bb00 | 0000 0000 

  0x00000266648d3294: ;   {runtime_call nmethod}
  0x00000266648d3294: 0000 00e9 | fbff ffff 

  0x00000266648d329c: ;   {static_stub}
  0x00000266648d329c: 9048 bb00 | 0000 0000 

  0x00000266648d32a4: ;   {runtime_call nmethod}
  0x00000266648d32a4: 0000 00e9 | fbff ffff 

  0x00000266648d32ac: ;   {static_stub}
  0x00000266648d32ac: 9048 bb00 | 0000 0000 

  0x00000266648d32b4: ;   {runtime_call nmethod}
  0x00000266648d32b4: 0000 00e9 | fbff ffff 

  0x00000266648d32bc: ;   {static_stub}
  0x00000266648d32bc: 9048 bb00 | 0000 0000 

  0x00000266648d32c4: ;   {runtime_call nmethod}
  0x00000266648d32c4: 0000 00e9 | fbff ffff 

  0x00000266648d32cc: ;   {static_stub}
  0x00000266648d32cc: 48bb 0000 | 0000 0000 

  0x00000266648d32d4: ;   {runtime_call nmethod}
  0x00000266648d32d4: 0000 e9fb 

  0x00000266648d32d8: ;   {static_stub}
  0x00000266648d32d8: ffff ff48 | bb00 0000 | 0000 0000 

  0x00000266648d32e4: ;   {runtime_call nmethod}
  0x00000266648d32e4: 00e9 fbff 

  0x00000266648d32e8: ;   {static_stub}
  0x00000266648d32e8: ffff 48bb | 0000 0000 | 0000 0000 

  0x00000266648d32f4: ;   {runtime_call nmethod}
  0x00000266648d32f4: e9fb ffff 

  0x00000266648d32f8: ;   {static_stub}
  0x00000266648d32f8: ff48 bb00 | 0000 0000 

  0x00000266648d3300: ;   {runtime_call nmethod}
  0x00000266648d3300: 0000 00e9 | fbff ffff 

  0x00000266648d3308: ;   {static_stub}
  0x00000266648d3308: 48bb 0000 | 0000 0000 

  0x00000266648d3310: ;   {runtime_call nmethod}
  0x00000266648d3310: 0000 e9fb 

  0x00000266648d3314: ;   {runtime_call C1 Runtime handle_exception_from_callee_blob}
  0x00000266648d3314: ffff ffe8 | 44da 3807 

  0x00000266648d331c: ;   {external_word}
  0x00000266648d331c: 48b9 7000 | a625 fb7f | 0000 4883 

  0x00000266648d3328: ;   {runtime_call}
  0x00000266648d3328: e4f0 48b8 | 7090 6025 | fb7f 0000 

  0x00000266648d3334: ;   {section_word}
  0x00000266648d3334: ffd0 f449 | ba37 338d | 6466 0200 

  0x00000266648d3340: ;   {runtime_call DeoptimizationBlob}
  0x00000266648d3340: 0041 52e9 | 18df 3407 
[/MachCode]


---------------  P R O C E S S  ---------------

Threads class SMR info:
_java_thread_list=0x000002660466d790, length=17, elements={
0x000002665bbb5780, 0x000002667b3163f0, 0x000002667b317b20, 0x000002667b319650,
0x000002667b31b220, 0x000002667b31bde0, 0x000002667b31c9a0, 0x000002667b31d890,
0x000002667b325ec0, 0x000002667b2f27b0, 0x000002660404b720, 0x00000266047b38e0,
0x000002660476cfd0, 0x000002660476dfa0, 0x0000026604b8b6f0, 0x0000026604aea2f0,
0x000002660476bc60
}

Java Threads: ( => current thread )
  0x000002665bbb5780 JavaThread "main"                              [_thread_blocked, id=27424, stack(0x0000006705c00000,0x0000006705d00000) (1024K)]
  0x000002667b3163f0 JavaThread "Reference Handler"          daemon [_thread_blocked, id=24476, stack(0x0000006706400000,0x0000006706500000) (1024K)]
  0x000002667b317b20 JavaThread "Finalizer"                  daemon [_thread_blocked, id=20936, stack(0x0000006706500000,0x0000006706600000) (1024K)]
  0x000002667b319650 JavaThread "Signal Dispatcher"          daemon [_thread_blocked, id=13048, stack(0x0000006706600000,0x0000006706700000) (1024K)]
  0x000002667b31b220 JavaThread "Attach Listener"            daemon [_thread_blocked, id=14796, stack(0x0000006706700000,0x0000006706800000) (1024K)]
  0x000002667b31bde0 JavaThread "Service Thread"             daemon [_thread_blocked, id=30476, stack(0x0000006706800000,0x0000006706900000) (1024K)]
  0x000002667b31c9a0 JavaThread "Monitor Deflation Thread"   daemon [_thread_blocked, id=21864, stack(0x0000006706900000,0x0000006706a00000) (1024K)]
  0x000002667b31d890 JavaThread "C2 CompilerThread0"         daemon [_thread_blocked, id=2392, stack(0x0000006706a00000,0x0000006706b00000) (1024K)]
  0x000002667b325ec0 JavaThread "C1 CompilerThread0"         daemon [_thread_blocked, id=28552, stack(0x0000006706b00000,0x0000006706c00000) (1024K)]
  0x000002667b2f27b0 JavaThread "Notification Thread"        daemon [_thread_blocked, id=27436, stack(0x0000006706c00000,0x0000006706d00000) (1024K)]
  0x000002660404b720 JavaThread "Common-Cleaner"             daemon [_thread_blocked, id=23992, stack(0x0000006706d00000,0x0000006706e00000) (1024K)]
  0x00000266047b38e0 JavaThread "Java2D Disposer"            daemon [_thread_blocked, id=30672, stack(0x0000006706f00000,0x0000006707000000) (1024K)]
  0x000002660476cfd0 JavaThread "AWT-Shutdown"                      [_thread_blocked, id=32236, stack(0x0000006707000000,0x0000006707100000) (1024K)]
  0x000002660476dfa0 JavaThread "AWT-Windows"                daemon [_thread_in_native, id=28424, stack(0x0000006707100000,0x0000006707200000) (1024K)]
=>0x0000026604b8b6f0 JavaThread "AWT-EventQueue-0"                  [_thread_in_native, id=23684, stack(0x0000006707200000,0x0000006707300000) (1024K)]
  0x0000026604aea2f0 JavaThread "mysql-cj-abandoned-connection-cleanup" daemon [_thread_blocked, id=29548, stack(0x0000006707300000,0x0000006707400000) (1024K)]
  0x000002660476bc60 JavaThread "TimerQueue"                 daemon [_thread_blocked, id=5140, stack(0x0000006706e00000,0x0000006706f00000) (1024K)]
Total: 17

Other Threads:
  0x000002667b300900 VMThread "VM Thread"                           [id=31136, stack(0x0000006706300000,0x0000006706400000) (1024K)]
  0x000002667b2f1f00 WatcherThread "VM Periodic Task Thread"        [id=35140, stack(0x0000006706200000,0x0000006706300000) (1024K)]
  0x000002665bc1c800 WorkerThread "GC Thread#0"                     [id=5656, stack(0x0000006705d00000,0x0000006705e00000) (1024K)]
  0x000002665bc35530 ConcurrentGCThread "G1 Main Marker"            [id=22064, stack(0x0000006705e00000,0x0000006705f00000) (1024K)]
  0x000002665bc36e40 WorkerThread "G1 Conc#0"                       [id=28088, stack(0x0000006705f00000,0x0000006706000000) (1024K)]
  0x000002667b1b1130 ConcurrentGCThread "G1 Refine#0"               [id=18144, stack(0x0000006706000000,0x0000006706100000) (1024K)]
  0x000002667b1b3a00 ConcurrentGCThread "G1 Service"                [id=34400, stack(0x0000006706100000,0x0000006706200000) (1024K)]
Total: 7

Threads with active compile tasks:
Total: 0

VM state: not at safepoint (normal execution)

VM Mutex/Monitor currently owned by a thread: None

Heap address: 0x0000000702600000, size: 4058 MB, Compressed Oops mode: Zero based, Oop shift amount: 3

CDS archive(s) mapped at: [0x0000000036000000-0x0000000036dd0000-0x0000000036dd0000), size 14483456, SharedBaseAddress: 0x0000000036000000, ArchiveRelocationMode: 1.
Compressed class space mapped at: 0x0000000037000000-0x0000000077000000, reserved size: 1073741824
UseCompressedClassPointers 1, UseCompactObjectHeaders 0
Narrow klass pointer bits 32, Max shift 3
Narrow klass base: 0x0000000036000000, Narrow klass shift: 0
Encoding Range: [0x0000000036000000 - 0x0000000136000000), (4294967296 bytes)
Klass Range:    [0x0000000036010000 - 0x0000000077000000), (1090453504 bytes)
Klass ID Range:  [65536 - 1090519033) (1090453497)
Protection zone: [0x0000000036000000 - 0x0000000036010000), (65536 bytes)

GC Precious Log:
 CardTable entry size: 512
 Card Set container configuration: InlinePtr #cards 4 size 8 Array Of Cards #cards 16 size 48 Howl #buckets 8 coarsen threshold 3686 Howl Bitmap #cards 512 size 80 coarsen threshold 460 Card regions per heap region 1 cards per card region 4096
 CPUs: 8 total, 8 available
 Memory: 16230M
 Large Page Support: Disabled
 NUMA Support: Disabled
 Compressed Oops: Enabled (Zero based)
 Heap Region Size: 2M
 Heap Min Capacity: 8M
 Heap Initial Capacity: 254M
 Heap Max Capacity: 4058M
 Pre-touch: Disabled
 Parallel Workers: 8
 Concurrent Workers: 2
 Concurrent Refinement Workers: 8
 Periodic GC: Disabled

Heap:
 garbage-first heap   total reserved 4155392K, committed 262144K, used 35987K [0x0000000702600000, 0x0000000800000000)
  region size 2048K, 17 young (34816K), 0 survivors (0K)

Heap Regions: E=young(eden), S=young(survivor), O=old, HS=humongous(starts), HC=humongous(continues), CS=collection set, F=free, TAMS=top-at-mark-start, PB=parsable bottom
|   0|0x0000000702600000, 0x0000000702800000, 0x0000000702800000|100%|HS|  |TAMS 0x0000000702600000| PB 0x0000000702600000| Complete |  0
|   1|0x0000000702800000, 0x0000000702a00000, 0x0000000702a00000|100%|HC|  |TAMS 0x0000000702800000| PB 0x0000000702800000| Complete |  0
|   2|0x0000000702a00000, 0x0000000702a00000, 0x0000000702c00000|  0%| F|  |TAMS 0x0000000702a00000| PB 0x0000000702a00000| Untracked |  0
|   3|0x0000000702c00000, 0x0000000702c00000, 0x0000000702e00000|  0%| F|  |TAMS 0x0000000702c00000| PB 0x0000000702c00000| Untracked |  0
|   4|0x0000000702e00000, 0x0000000702e00000, 0x0000000703000000|  0%| F|  |TAMS 0x0000000702e00000| PB 0x0000000702e00000| Untracked |  0
|   5|0x0000000703000000, 0x0000000703000000, 0x0000000703200000|  0%| F|  |TAMS 0x0000000703000000| PB 0x0000000703000000| Untracked |  0
|   6|0x0000000703200000, 0x0000000703200000, 0x0000000703400000|  0%| F|  |TAMS 0x0000000703200000| PB 0x0000000703200000| Untracked |  0
|   7|0x0000000703400000, 0x0000000703400000, 0x0000000703600000|  0%| F|  |TAMS 0x0000000703400000| PB 0x0000000703400000| Untracked |  0
|   8|0x0000000703600000, 0x0000000703600000, 0x0000000703800000|  0%| F|  |TAMS 0x0000000703600000| PB 0x0000000703600000| Untracked |  0
|   9|0x0000000703800000, 0x0000000703800000, 0x0000000703a00000|  0%| F|  |TAMS 0x0000000703800000| PB 0x0000000703800000| Untracked |  0
|  10|0x0000000703a00000, 0x0000000703a00000, 0x0000000703c00000|  0%| F|  |TAMS 0x0000000703a00000| PB 0x0000000703a00000| Untracked |  0
|  11|0x0000000703c00000, 0x0000000703c00000, 0x0000000703e00000|  0%| F|  |TAMS 0x0000000703c00000| PB 0x0000000703c00000| Untracked |  0
|  12|0x0000000703e00000, 0x0000000703e00000, 0x0000000704000000|  0%| F|  |TAMS 0x0000000703e00000| PB 0x0000000703e00000| Untracked |  0
|  13|0x0000000704000000, 0x0000000704000000, 0x0000000704200000|  0%| F|  |TAMS 0x0000000704000000| PB 0x0000000704000000| Untracked |  0
|  14|0x0000000704200000, 0x0000000704200000, 0x0000000704400000|  0%| F|  |TAMS 0x0000000704200000| PB 0x0000000704200000| Untracked |  0
|  15|0x0000000704400000, 0x0000000704400000, 0x0000000704600000|  0%| F|  |TAMS 0x0000000704400000| PB 0x0000000704400000| Untracked |  0
|  16|0x0000000704600000, 0x0000000704600000, 0x0000000704800000|  0%| F|  |TAMS 0x0000000704600000| PB 0x0000000704600000| Untracked |  0
|  17|0x0000000704800000, 0x0000000704800000, 0x0000000704a00000|  0%| F|  |TAMS 0x0000000704800000| PB 0x0000000704800000| Untracked |  0
|  18|0x0000000704a00000, 0x0000000704a00000, 0x0000000704c00000|  0%| F|  |TAMS 0x0000000704a00000| PB 0x0000000704a00000| Untracked |  0
|  19|0x0000000704c00000, 0x0000000704c00000, 0x0000000704e00000|  0%| F|  |TAMS 0x0000000704c00000| PB 0x0000000704c00000| Untracked |  0
|  20|0x0000000704e00000, 0x0000000704e00000, 0x0000000705000000|  0%| F|  |TAMS 0x0000000704e00000| PB 0x0000000704e00000| Untracked |  0
|  21|0x0000000705000000, 0x0000000705000000, 0x0000000705200000|  0%| F|  |TAMS 0x0000000705000000| PB 0x0000000705000000| Untracked |  0
|  22|0x0000000705200000, 0x0000000705200000, 0x0000000705400000|  0%| F|  |TAMS 0x0000000705200000| PB 0x0000000705200000| Untracked |  0
|  23|0x0000000705400000, 0x0000000705400000, 0x0000000705600000|  0%| F|  |TAMS 0x0000000705400000| PB 0x0000000705400000| Untracked |  0
|  24|0x0000000705600000, 0x0000000705600000, 0x0000000705800000|  0%| F|  |TAMS 0x0000000705600000| PB 0x0000000705600000| Untracked |  0
|  25|0x0000000705800000, 0x0000000705800000, 0x0000000705a00000|  0%| F|  |TAMS 0x0000000705800000| PB 0x0000000705800000| Untracked |  0
|  26|0x0000000705a00000, 0x0000000705a00000, 0x0000000705c00000|  0%| F|  |TAMS 0x0000000705a00000| PB 0x0000000705a00000| Untracked |  0
|  27|0x0000000705c00000, 0x0000000705c00000, 0x0000000705e00000|  0%| F|  |TAMS 0x0000000705c00000| PB 0x0000000705c00000| Untracked |  0
|  28|0x0000000705e00000, 0x0000000705e00000, 0x0000000706000000|  0%| F|  |TAMS 0x0000000705e00000| PB 0x0000000705e00000| Untracked |  0
|  29|0x0000000706000000, 0x0000000706000000, 0x0000000706200000|  0%| F|  |TAMS 0x0000000706000000| PB 0x0000000706000000| Untracked |  0
|  30|0x0000000706200000, 0x0000000706200000, 0x0000000706400000|  0%| F|  |TAMS 0x0000000706200000| PB 0x0000000706200000| Untracked |  0
|  31|0x0000000706400000, 0x0000000706400000, 0x0000000706600000|  0%| F|  |TAMS 0x0000000706400000| PB 0x0000000706400000| Untracked |  0
|  32|0x0000000706600000, 0x0000000706600000, 0x0000000706800000|  0%| F|  |TAMS 0x0000000706600000| PB 0x0000000706600000| Untracked |  0
|  33|0x0000000706800000, 0x0000000706800000, 0x0000000706a00000|  0%| F|  |TAMS 0x0000000706800000| PB 0x0000000706800000| Untracked |  0
|  34|0x0000000706a00000, 0x0000000706a00000, 0x0000000706c00000|  0%| F|  |TAMS 0x0000000706a00000| PB 0x0000000706a00000| Untracked |  0
|  35|0x0000000706c00000, 0x0000000706c00000, 0x0000000706e00000|  0%| F|  |TAMS 0x0000000706c00000| PB 0x0000000706c00000| Untracked |  0
|  36|0x0000000706e00000, 0x0000000706e00000, 0x0000000707000000|  0%| F|  |TAMS 0x0000000706e00000| PB 0x0000000706e00000| Untracked |  0
|  37|0x0000000707000000, 0x0000000707000000, 0x0000000707200000|  0%| F|  |TAMS 0x0000000707000000| PB 0x0000000707000000| Untracked |  0
|  38|0x0000000707200000, 0x0000000707200000, 0x0000000707400000|  0%| F|  |TAMS 0x0000000707200000| PB 0x0000000707200000| Untracked |  0
|  39|0x0000000707400000, 0x0000000707400000, 0x0000000707600000|  0%| F|  |TAMS 0x0000000707400000| PB 0x0000000707400000| Untracked |  0
|  40|0x0000000707600000, 0x0000000707600000, 0x0000000707800000|  0%| F|  |TAMS 0x0000000707600000| PB 0x0000000707600000| Untracked |  0
|  41|0x0000000707800000, 0x0000000707800000, 0x0000000707a00000|  0%| F|  |TAMS 0x0000000707800000| PB 0x0000000707800000| Untracked |  0
|  42|0x0000000707a00000, 0x0000000707a00000, 0x0000000707c00000|  0%| F|  |TAMS 0x0000000707a00000| PB 0x0000000707a00000| Untracked |  0
|  43|0x0000000707c00000, 0x0000000707c00000, 0x0000000707e00000|  0%| F|  |TAMS 0x0000000707c00000| PB 0x0000000707c00000| Untracked |  0
|  44|0x0000000707e00000, 0x0000000707e00000, 0x0000000708000000|  0%| F|  |TAMS 0x0000000707e00000| PB 0x0000000707e00000| Untracked |  0
|  45|0x0000000708000000, 0x0000000708000000, 0x0000000708200000|  0%| F|  |TAMS 0x0000000708000000| PB 0x0000000708000000| Untracked |  0
|  46|0x0000000708200000, 0x0000000708200000, 0x0000000708400000|  0%| F|  |TAMS 0x0000000708200000| PB 0x0000000708200000| Untracked |  0
|  47|0x0000000708400000, 0x0000000708400000, 0x0000000708600000|  0%| F|  |TAMS 0x0000000708400000| PB 0x0000000708400000| Untracked |  0
|  48|0x0000000708600000, 0x0000000708600000, 0x0000000708800000|  0%| F|  |TAMS 0x0000000708600000| PB 0x0000000708600000| Untracked |  0
|  49|0x0000000708800000, 0x0000000708800000, 0x0000000708a00000|  0%| F|  |TAMS 0x0000000708800000| PB 0x0000000708800000| Untracked |  0
|  50|0x0000000708a00000, 0x0000000708a00000, 0x0000000708c00000|  0%| F|  |TAMS 0x0000000708a00000| PB 0x0000000708a00000| Untracked |  0
|  51|0x0000000708c00000, 0x0000000708c00000, 0x0000000708e00000|  0%| F|  |TAMS 0x0000000708c00000| PB 0x0000000708c00000| Untracked |  0
|  52|0x0000000708e00000, 0x0000000708e00000, 0x0000000709000000|  0%| F|  |TAMS 0x0000000708e00000| PB 0x0000000708e00000| Untracked |  0
|  53|0x0000000709000000, 0x0000000709000000, 0x0000000709200000|  0%| F|  |TAMS 0x0000000709000000| PB 0x0000000709000000| Untracked |  0
|  54|0x0000000709200000, 0x0000000709200000, 0x0000000709400000|  0%| F|  |TAMS 0x0000000709200000| PB 0x0000000709200000| Untracked |  0
|  55|0x0000000709400000, 0x0000000709400000, 0x0000000709600000|  0%| F|  |TAMS 0x0000000709400000| PB 0x0000000709400000| Untracked |  0
|  56|0x0000000709600000, 0x0000000709600000, 0x0000000709800000|  0%| F|  |TAMS 0x0000000709600000| PB 0x0000000709600000| Untracked |  0
|  57|0x0000000709800000, 0x0000000709800000, 0x0000000709a00000|  0%| F|  |TAMS 0x0000000709800000| PB 0x0000000709800000| Untracked |  0
|  58|0x0000000709a00000, 0x0000000709a00000, 0x0000000709c00000|  0%| F|  |TAMS 0x0000000709a00000| PB 0x0000000709a00000| Untracked |  0
|  59|0x0000000709c00000, 0x0000000709c00000, 0x0000000709e00000|  0%| F|  |TAMS 0x0000000709c00000| PB 0x0000000709c00000| Untracked |  0
|  60|0x0000000709e00000, 0x0000000709e00000, 0x000000070a000000|  0%| F|  |TAMS 0x0000000709e00000| PB 0x0000000709e00000| Untracked |  0
|  61|0x000000070a000000, 0x000000070a000000, 0x000000070a200000|  0%| F|  |TAMS 0x000000070a000000| PB 0x000000070a000000| Untracked |  0
|  62|0x000000070a200000, 0x000000070a200000, 0x000000070a400000|  0%| F|  |TAMS 0x000000070a200000| PB 0x000000070a200000| Untracked |  0
|  63|0x000000070a400000, 0x000000070a400000, 0x000000070a600000|  0%| F|  |TAMS 0x000000070a400000| PB 0x000000070a400000| Untracked |  0
|  64|0x000000070a600000, 0x000000070a600000, 0x000000070a800000|  0%| F|  |TAMS 0x000000070a600000| PB 0x000000070a600000| Untracked |  0
|  65|0x000000070a800000, 0x000000070a800000, 0x000000070aa00000|  0%| F|  |TAMS 0x000000070a800000| PB 0x000000070a800000| Untracked |  0
|  66|0x000000070aa00000, 0x000000070aa00000, 0x000000070ac00000|  0%| F|  |TAMS 0x000000070aa00000| PB 0x000000070aa00000| Untracked |  0
|  67|0x000000070ac00000, 0x000000070ac00000, 0x000000070ae00000|  0%| F|  |TAMS 0x000000070ac00000| PB 0x000000070ac00000| Untracked |  0
|  68|0x000000070ae00000, 0x000000070ae00000, 0x000000070b000000|  0%| F|  |TAMS 0x000000070ae00000| PB 0x000000070ae00000| Untracked |  0
|  69|0x000000070b000000, 0x000000070b000000, 0x000000070b200000|  0%| F|  |TAMS 0x000000070b000000| PB 0x000000070b000000| Untracked |  0
|  70|0x000000070b200000, 0x000000070b200000, 0x000000070b400000|  0%| F|  |TAMS 0x000000070b200000| PB 0x000000070b200000| Untracked |  0
|  71|0x000000070b400000, 0x000000070b400000, 0x000000070b600000|  0%| F|  |TAMS 0x000000070b400000| PB 0x000000070b400000| Untracked |  0
|  72|0x000000070b600000, 0x000000070b600000, 0x000000070b800000|  0%| F|  |TAMS 0x000000070b600000| PB 0x000000070b600000| Untracked |  0
|  73|0x000000070b800000, 0x000000070b800000, 0x000000070ba00000|  0%| F|  |TAMS 0x000000070b800000| PB 0x000000070b800000| Untracked |  0
|  74|0x000000070ba00000, 0x000000070ba00000, 0x000000070bc00000|  0%| F|  |TAMS 0x000000070ba00000| PB 0x000000070ba00000| Untracked |  0
|  75|0x000000070bc00000, 0x000000070bc00000, 0x000000070be00000|  0%| F|  |TAMS 0x000000070bc00000| PB 0x000000070bc00000| Untracked |  0
|  76|0x000000070be00000, 0x000000070be00000, 0x000000070c000000|  0%| F|  |TAMS 0x000000070be00000| PB 0x000000070be00000| Untracked |  0
|  77|0x000000070c000000, 0x000000070c000000, 0x000000070c200000|  0%| F|  |TAMS 0x000000070c000000| PB 0x000000070c000000| Untracked |  0
|  78|0x000000070c200000, 0x000000070c200000, 0x000000070c400000|  0%| F|  |TAMS 0x000000070c200000| PB 0x000000070c200000| Untracked |  0
|  79|0x000000070c400000, 0x000000070c400000, 0x000000070c600000|  0%| F|  |TAMS 0x000000070c400000| PB 0x000000070c400000| Untracked |  0
|  80|0x000000070c600000, 0x000000070c600000, 0x000000070c800000|  0%| F|  |TAMS 0x000000070c600000| PB 0x000000070c600000| Untracked |  0
|  81|0x000000070c800000, 0x000000070c800000, 0x000000070ca00000|  0%| F|  |TAMS 0x000000070c800000| PB 0x000000070c800000| Untracked |  0
|  82|0x000000070ca00000, 0x000000070ca00000, 0x000000070cc00000|  0%| F|  |TAMS 0x000000070ca00000| PB 0x000000070ca00000| Untracked |  0
|  83|0x000000070cc00000, 0x000000070cc00000, 0x000000070ce00000|  0%| F|  |TAMS 0x000000070cc00000| PB 0x000000070cc00000| Untracked |  0
|  84|0x000000070ce00000, 0x000000070ce00000, 0x000000070d000000|  0%| F|  |TAMS 0x000000070ce00000| PB 0x000000070ce00000| Untracked |  0
|  85|0x000000070d000000, 0x000000070d000000, 0x000000070d200000|  0%| F|  |TAMS 0x000000070d000000| PB 0x000000070d000000| Untracked |  0
|  86|0x000000070d200000, 0x000000070d200000, 0x000000070d400000|  0%| F|  |TAMS 0x000000070d200000| PB 0x000000070d200000| Untracked |  0
|  87|0x000000070d400000, 0x000000070d400000, 0x000000070d600000|  0%| F|  |TAMS 0x000000070d400000| PB 0x000000070d400000| Untracked |  0
|  88|0x000000070d600000, 0x000000070d600000, 0x000000070d800000|  0%| F|  |TAMS 0x000000070d600000| PB 0x000000070d600000| Untracked |  0
|  89|0x000000070d800000, 0x000000070d800000, 0x000000070da00000|  0%| F|  |TAMS 0x000000070d800000| PB 0x000000070d800000| Untracked |  0
|  90|0x000000070da00000, 0x000000070da00000, 0x000000070dc00000|  0%| F|  |TAMS 0x000000070da00000| PB 0x000000070da00000| Untracked |  0
|  91|0x000000070dc00000, 0x000000070dc00000, 0x000000070de00000|  0%| F|  |TAMS 0x000000070dc00000| PB 0x000000070dc00000| Untracked |  0
|  92|0x000000070de00000, 0x000000070de00000, 0x000000070e000000|  0%| F|  |TAMS 0x000000070de00000| PB 0x000000070de00000| Untracked |  0
|  93|0x000000070e000000, 0x000000070e000000, 0x000000070e200000|  0%| F|  |TAMS 0x000000070e000000| PB 0x000000070e000000| Untracked |  0
|  94|0x000000070e200000, 0x000000070e200000, 0x000000070e400000|  0%| F|  |TAMS 0x000000070e200000| PB 0x000000070e200000| Untracked |  0
|  95|0x000000070e400000, 0x000000070e400000, 0x000000070e600000|  0%| F|  |TAMS 0x000000070e400000| PB 0x000000070e400000| Untracked |  0
|  96|0x000000070e600000, 0x000000070e600000, 0x000000070e800000|  0%| F|  |TAMS 0x000000070e600000| PB 0x000000070e600000| Untracked |  0
|  97|0x000000070e800000, 0x000000070e800000, 0x000000070ea00000|  0%| F|  |TAMS 0x000000070e800000| PB 0x000000070e800000| Untracked |  0
|  98|0x000000070ea00000, 0x000000070ea00000, 0x000000070ec00000|  0%| F|  |TAMS 0x000000070ea00000| PB 0x000000070ea00000| Untracked |  0
|  99|0x000000070ec00000, 0x000000070ec00000, 0x000000070ee00000|  0%| F|  |TAMS 0x000000070ec00000| PB 0x000000070ec00000| Untracked |  0
| 100|0x000000070ee00000, 0x000000070ee00000, 0x000000070f000000|  0%| F|  |TAMS 0x000000070ee00000| PB 0x000000070ee00000| Untracked |  0
| 101|0x000000070f000000, 0x000000070f000000, 0x000000070f200000|  0%| F|  |TAMS 0x000000070f000000| PB 0x000000070f000000| Untracked |  0
| 102|0x000000070f200000, 0x000000070f200000, 0x000000070f400000|  0%| F|  |TAMS 0x000000070f200000| PB 0x000000070f200000| Untracked |  0
| 103|0x000000070f400000, 0x000000070f400000, 0x000000070f600000|  0%| F|  |TAMS 0x000000070f400000| PB 0x000000070f400000| Untracked |  0
| 104|0x000000070f600000, 0x000000070f600000, 0x000000070f800000|  0%| F|  |TAMS 0x000000070f600000| PB 0x000000070f600000| Untracked |  0
| 105|0x000000070f800000, 0x000000070f800000, 0x000000070fa00000|  0%| F|  |TAMS 0x000000070f800000| PB 0x000000070f800000| Untracked |  0
| 106|0x000000070fa00000, 0x000000070fa00000, 0x000000070fc00000|  0%| F|  |TAMS 0x000000070fa00000| PB 0x000000070fa00000| Untracked |  0
| 107|0x000000070fc00000, 0x000000070fc00000, 0x000000070fe00000|  0%| F|  |TAMS 0x000000070fc00000| PB 0x000000070fc00000| Untracked |  0
| 108|0x000000070fe00000, 0x000000070fe00000, 0x0000000710000000|  0%| F|  |TAMS 0x000000070fe00000| PB 0x000000070fe00000| Untracked |  0
| 109|0x0000000710000000, 0x0000000710000000, 0x0000000710200000|  0%| F|  |TAMS 0x0000000710000000| PB 0x0000000710000000| Untracked |  0
| 110|0x0000000710200000, 0x00000007102f5c48, 0x0000000710400000| 48%| E|  |TAMS 0x0000000710200000| PB 0x0000000710200000| Complete |  0
| 111|0x0000000710400000, 0x0000000710600000, 0x0000000710600000|100%| E|CS|TAMS 0x0000000710400000| PB 0x0000000710400000| Complete |  0
| 112|0x0000000710600000, 0x0000000710800000, 0x0000000710800000|100%| E|CS|TAMS 0x0000000710600000| PB 0x0000000710600000| Complete |  0
| 113|0x0000000710800000, 0x0000000710a00000, 0x0000000710a00000|100%| E|CS|TAMS 0x0000000710800000| PB 0x0000000710800000| Complete |  0
| 114|0x0000000710a00000, 0x0000000710c00000, 0x0000000710c00000|100%| E|CS|TAMS 0x0000000710a00000| PB 0x0000000710a00000| Complete |  0
| 115|0x0000000710c00000, 0x0000000710e00000, 0x0000000710e00000|100%| E|CS|TAMS 0x0000000710c00000| PB 0x0000000710c00000| Complete |  0
| 116|0x0000000710e00000, 0x0000000711000000, 0x0000000711000000|100%| E|CS|TAMS 0x0000000710e00000| PB 0x0000000710e00000| Complete |  0
| 117|0x0000000711000000, 0x0000000711200000, 0x0000000711200000|100%| E|CS|TAMS 0x0000000711000000| PB 0x0000000711000000| Complete |  0
| 118|0x0000000711200000, 0x0000000711400000, 0x0000000711400000|100%| E|  |TAMS 0x0000000711200000| PB 0x0000000711200000| Complete |  0
| 119|0x0000000711400000, 0x0000000711600000, 0x0000000711600000|100%| E|CS|TAMS 0x0000000711400000| PB 0x0000000711400000| Complete |  0
| 120|0x0000000711600000, 0x0000000711800000, 0x0000000711800000|100%| E|CS|TAMS 0x0000000711600000| PB 0x0000000711600000| Complete |  0
| 121|0x0000000711800000, 0x0000000711a00000, 0x0000000711a00000|100%| E|CS|TAMS 0x0000000711800000| PB 0x0000000711800000| Complete |  0
| 122|0x0000000711a00000, 0x0000000711c00000, 0x0000000711c00000|100%| E|CS|TAMS 0x0000000711a00000| PB 0x0000000711a00000| Complete |  0
| 123|0x0000000711c00000, 0x0000000711e00000, 0x0000000711e00000|100%| E|CS|TAMS 0x0000000711c00000| PB 0x0000000711c00000| Complete |  0
| 124|0x0000000711e00000, 0x0000000712000000, 0x0000000712000000|100%| E|CS|TAMS 0x0000000711e00000| PB 0x0000000711e00000| Complete |  0
| 125|0x0000000712000000, 0x0000000712200000, 0x0000000712200000|100%| E|CS|TAMS 0x0000000712000000| PB 0x0000000712000000| Complete |  0
| 126|0x0000000712200000, 0x0000000712400000, 0x0000000712400000|100%| E|CS|TAMS 0x0000000712200000| PB 0x0000000712200000| Complete |  0
|2028|0x00000007ffe00000, 0x00000007fff24ea8, 0x0000000800000000| 57%| O|  |TAMS 0x00000007ffe00000| PB 0x00000007ffe00000| Untracked |  0

Card table byte_map: [0x00000266741c0000,0x00000266749b0000] _byte_map_base: 0x00000266709ad000

Marking Bits: (CMBitMap*) 0x000002665bc1cf90
 Bits: [0x00000266749b0000, 0x0000026678918000)

Polling page: 0x0000026659b50000

Metaspace:
Metaspace        used 14380K, committed 14656K, reserved 1114112K
 class space     used 1560K, committed 1664K, reserved 1048576K

Usage:
  Non-class:     12.52 MB used.
      Class:      1.52 MB used.
       Both:     14.04 MB used.

Virtual space:
  Non-class space:       64.00 MB reserved,      12.69 MB ( 20%) committed,  1 nodes.
      Class space:        1.00 GB reserved,       1.62 MB ( <1%) committed,  1 nodes.
             Both:        1.06 GB reserved,      14.31 MB (  1%) committed. 

Chunk freelists:
   Non-Class:  2.62 MB
       Class:  14.42 MB
        Both:  17.04 MB

MaxMetaspaceSize: unlimited
CompressedClassSpaceSize: 1.00 GB
Initial GC threshold: 21.00 MB
Current GC threshold: 21.00 MB
CDS: on
 - commit_granule_bytes: 65536.
 - commit_granule_words: 8192.
 - virtual_space_node_default_size: 8388608.
 - enlarge_chunks_in_place: 1.
UseCompressedClassPointers 1, UseCompactObjectHeaders 0
Narrow klass pointer bits 32, Max shift 3
Narrow klass base: 0x0000000036000000, Narrow klass shift: 0
Encoding Range: [0x0000000036000000 - 0x0000000136000000), (4294967296 bytes)
Klass Range:    [0x0000000036010000 - 0x0000000077000000), (1090453504 bytes)
Klass ID Range:  [65536 - 1090519033) (1090453497)
Protection zone: [0x0000000036000000 - 0x0000000036010000), (65536 bytes)


Internal statistics:

num_allocs_failed_limit: 0.
num_arena_births: 124.
num_arena_deaths: 0.
num_vsnodes_births: 2.
num_vsnodes_deaths: 0.
num_space_committed: 229.
num_space_uncommitted: 0.
num_chunks_returned_to_freelist: 0.
num_chunks_taken_from_freelist: 260.
num_chunk_merges: 0.
num_chunk_splits: 161.
num_chunks_enlarged: 93.
num_inconsistent_stats: 0.

CodeHeap 'non-profiled nmethods': size=120064Kb used=731Kb max_used=731Kb free=119332Kb
 bounds [0x000002666c160000, 0x000002666c3d0000, 0x00000266736a0000]
CodeHeap 'profiled nmethods': size=120000Kb used=3571Kb max_used=3571Kb free=116428Kb
 bounds [0x00000266646a0000, 0x0000026664a20000, 0x000002666bbd0000]
CodeHeap 'non-nmethods': size=5696Kb used=1641Kb max_used=1665Kb free=4054Kb
 bounds [0x000002666bbd0000, 0x000002666be40000, 0x000002666c160000]
CodeCache: size=245760Kb, used=5943Kb, max_used=5967Kb, free=239814Kb
 total_blobs=3256, nmethods=2474, adapters=685, full_count=0
Compilation: enabled, stopped_count=0, restarted_count=0

Compilation events (20 events):
Event: 8378.872 Thread 0x000002667b31d890 2463       4       java.lang.String::replace (42 bytes)
Event: 8378.899 Thread 0x000002667b31d890 nmethod 2463 0x000002666c212988 code [0x000002666c212a80, 0x000002666c2131b8]
Event: 8914.717 Thread 0x000002667b31d890 2464       4       jdk.internal.module.Resources::toPackageName (39 bytes)
Event: 8914.724 Thread 0x000002667b31d890 nmethod 2464 0x000002666c213208 code [0x000002666c213300, 0x000002666c213548]
Event: 8934.744 Thread 0x000002667b31d890 2465   !   4       jdk.internal.loader.BuiltinClassLoader::findMiscResource (203 bytes)
Event: 8934.760 Thread 0x000002667b31d890 nmethod 2465 0x000002666c213588 code [0x000002666c213680, 0x000002666c213fe8]
Event: 8949.774 Thread 0x000002667b31d890 2466   !   4       jdk.internal.loader.BuiltinClassLoader::findResource (144 bytes)
Event: 8949.806 Thread 0x000002667b31d890 nmethod 2466 0x000002666c214008 code [0x000002666c214100, 0x000002666c215100]
Event: 9089.987 Thread 0x000002667b31d890 2467       4       java.lang.String::indexOf (64 bytes)
Event: 9089.989 Thread 0x000002667b31d890 nmethod 2467 0x000002666c215188 code [0x000002666c215280, 0x000002666c2154e0]
Event: 9705.955 Thread 0x000002667b31d890 2468       4       java.lang.Integer::hashCode (8 bytes)
Event: 9705.955 Thread 0x000002667b31d890 nmethod 2468 0x000002666c215508 code [0x000002666c215600, 0x000002666c215678]
Event: 51036.865 Thread 0x000002667b325ec0 2469       3       java.lang.invoke.DirectMethodHandle::make (25 bytes)
Event: 51036.866 Thread 0x000002667b325ec0 nmethod 2469 0x0000026664a1b788 code [0x0000026664a1b880, 0x0000026664a1bcf0]
Event: 51037.224 Thread 0x000002667b325ec0 2470   !   3       java.awt.Toolkit::setDesktopProperty (70 bytes)
Event: 51037.224 Thread 0x000002667b31d890 2471       4       sun.util.logging.PlatformLogger::isLoggable (23 bytes)
Event: 51037.225 Thread 0x000002667b325ec0 nmethod 2470 0x0000026664a1bd08 code [0x0000026664a1be00, 0x0000026664a1c5f8]
Event: 51037.237 Thread 0x000002667b31d890 nmethod 2471 0x000002666c215808 code [0x000002666c215900, 0x000002666c216278]
Event: 51037.237 Thread 0x000002667b31d890 2472       4       jdk.internal.logger.AbstractLoggerWrapper::isLoggable (26 bytes)
Event: 51037.248 Thread 0x000002667b31d890 nmethod 2472 0x000002666c216288 code [0x000002666c216380, 0x000002666c216cc0]

GC Heap Usage History (0 events):
No events

Metaspace Usage History (0 events):
No events

Dll operation events (9 events):
Event: 0.032 Loaded shared library C:\Program Files\Apache NetBeans\jdk\bin\java.dll
Event: 0.214 Loaded shared library C:\Program Files\Apache NetBeans\jdk\bin\net.dll
Event: 0.222 Loaded shared library C:\Program Files\Apache NetBeans\jdk\bin\nio.dll
Event: 0.231 Loaded shared library C:\Program Files\Apache NetBeans\jdk\bin\zip.dll
Event: 0.440 Loaded shared library C:\Program Files\Apache NetBeans\jdk\bin\extnet.dll
Event: 0.503 Loaded shared library C:\Program Files\Apache NetBeans\jdk\bin\jimage.dll
Event: 0.569 Loaded shared library C:\Program Files\Apache NetBeans\jdk\bin\awt.dll
Event: 1.021 Loaded shared library C:\Program Files\Apache NetBeans\jdk\bin\freetype.dll
Event: 1.024 Loaded shared library C:\Program Files\Apache NetBeans\jdk\bin\fontmanager.dll

Deoptimization events (20 events):
Event: 26.951 Thread 0x0000026604b8b6f0 DEOPT PACKING pc=0x000002666c1cf700 sp=0x00000067072fd7b0
Event: 26.951 Thread 0x0000026604b8b6f0 DEOPT UNPACKING pc=0x000002666bc5bc82 sp=0x00000067072fd720 mode 2
Event: 28.568 Thread 0x0000026604b8b6f0 Uncommon trap: trap_request=0xffffffde fr.pc=0x000002666c1ff190 relative=0x0000000000000110
Event: 28.568 Thread 0x0000026604b8b6f0 Uncommon trap: reason=class_check action=maybe_recompile pc=0x000002666c1ff190 method=jdk.internal.misc.Unsafe.allocateUninitializedArray(Ljava/lang/Class;I)Ljava/lang/Object; @ 51 c2
Event: 28.568 Thread 0x0000026604b8b6f0 DEOPT PACKING pc=0x000002666c1ff190 sp=0x00000067072fd6f0
Event: 28.568 Thread 0x0000026604b8b6f0 DEOPT UNPACKING pc=0x000002666bc5bc82 sp=0x00000067072fd668 mode 2
Event: 28.569 Thread 0x0000026604b8b6f0 Uncommon trap: trap_request=0xffffffde fr.pc=0x000002666c1ff190 relative=0x0000000000000110
Event: 28.569 Thread 0x0000026604b8b6f0 Uncommon trap: reason=class_check action=maybe_recompile pc=0x000002666c1ff190 method=jdk.internal.misc.Unsafe.allocateUninitializedArray(Ljava/lang/Class;I)Ljava/lang/Object; @ 51 c2
Event: 28.569 Thread 0x0000026604b8b6f0 DEOPT PACKING pc=0x000002666c1ff190 sp=0x00000067072fd4b0
Event: 28.569 Thread 0x0000026604b8b6f0 DEOPT UNPACKING pc=0x000002666bc5bc82 sp=0x00000067072fd428 mode 2
Event: 28.569 Thread 0x0000026604b8b6f0 Uncommon trap: trap_request=0xffffffde fr.pc=0x000002666c1ff190 relative=0x0000000000000110
Event: 28.569 Thread 0x0000026604b8b6f0 Uncommon trap: reason=class_check action=maybe_recompile pc=0x000002666c1ff190 method=jdk.internal.misc.Unsafe.allocateUninitializedArray(Ljava/lang/Class;I)Ljava/lang/Object; @ 51 c2
Event: 28.569 Thread 0x0000026604b8b6f0 DEOPT PACKING pc=0x000002666c1ff190 sp=0x00000067072fd4b0
Event: 28.569 Thread 0x0000026604b8b6f0 DEOPT UNPACKING pc=0x000002666bc5bc82 sp=0x00000067072fd428 mode 2
Event: 28.569 Thread 0x0000026604b8b6f0 Uncommon trap: trap_request=0xffffffde fr.pc=0x000002666c1ff190 relative=0x0000000000000110
Event: 28.569 Thread 0x0000026604b8b6f0 Uncommon trap: reason=class_check action=maybe_recompile pc=0x000002666c1ff190 method=jdk.internal.misc.Unsafe.allocateUninitializedArray(Ljava/lang/Class;I)Ljava/lang/Object; @ 51 c2
Event: 28.569 Thread 0x0000026604b8b6f0 DEOPT PACKING pc=0x000002666c1ff190 sp=0x00000067072fd4a0
Event: 28.569 Thread 0x0000026604b8b6f0 DEOPT UNPACKING pc=0x000002666bc5bc82 sp=0x00000067072fd418 mode 2
Event: 295.954 Thread 0x0000026604aea2f0 DEOPT PACKING pc=0x00000266646a3119 sp=0x00000067073fee90
Event: 295.954 Thread 0x0000026604aea2f0 DEOPT UNPACKING pc=0x000002666bc21702 sp=0x00000067073fe2e0 mode 0

Classes loaded (20 events):
Event: 31.068 Loading class java/awt/Canvas
Event: 31.069 Loading class java/awt/Canvas done
Event: 31.069 Loading class java/awt/Scrollbar
Event: 31.070 Loading class java/awt/Adjustable
Event: 31.070 Loading class java/awt/Adjustable done
Event: 31.071 Loading class java/awt/Scrollbar done
Event: 31.484 Loading class com/sun/java/swing/plaf/windows/AnimationController$1
Event: 31.485 Loading class com/sun/java/swing/plaf/windows/AnimationController$1 done
Event: 31.872 Loading class java/lang/Throwable$WrappedPrintStream
Event: 31.872 Loading class java/lang/Throwable$PrintStreamOrWriter
Event: 31.872 Loading class java/lang/Throwable$PrintStreamOrWriter done
Event: 31.872 Loading class java/lang/Throwable$WrappedPrintStream done
Event: 31.872 Loading class java/lang/StackTraceElement$HashedModules
Event: 31.873 Loading class java/lang/StackTraceElement$HashedModules done
Event: 10868.682 Loading class java/awt/desktop/SystemSleepListener
Event: 10868.682 Loading class java/awt/desktop/SystemEventListener
Event: 10868.682 Loading class java/awt/desktop/SystemEventListener done
Event: 10868.682 Loading class java/awt/desktop/SystemSleepListener done
Event: 51036.870 Loading class javax/swing/RepaintManager$DisplayChangedRunnable
Event: 51036.870 Loading class javax/swing/RepaintManager$DisplayChangedRunnable done

Classes unloaded (0 events):
No events

Classes redefined (0 events):
No events

Internal exceptions (20 events):
Event: 1.060 Thread 0x000002665bbb5780 Exception <a 'java/lang/NoSuchMethodError'{0x0000000711bae3b8}: 'long java.lang.invoke.DirectMethodHandle$Holder.invokeStaticInit(java.lang.Object, long, long, long, long)'> (0x0000000711bae3b8) 
thrown [s\src\hotspot\share\interpreter\linkResolver.cpp, line 804]
Event: 1.062 Thread 0x000002665bbb5780 Exception <a 'java/lang/NoSuchMethodError'{0x0000000711bb6f88}: 'java.lang.Object java.lang.invoke.DirectMethodHandle$Holder.invokeInterface(java.lang.Object, java.lang.Object, long, long)'> (0x0000000711bb6f88) 
thrown [s\src\hotspot\share\interpreter\linkResolver.cpp, line 804]
Event: 1.067 Thread 0x000002665bbb5780 Exception <a 'java/lang/NoSuchMethodError'{0x0000000711bcf940}: 'void java.lang.invoke.DirectMethodHandle$Holder.invokeStaticInit(java.lang.Object, java.lang.Object, long, java.lang.Object)'> (0x0000000711bcf940) 
thrown [s\src\hotspot\share\interpreter\linkResolver.cpp, line 804]
Event: 1.069 Thread 0x000002665bbb5780 Exception <a 'java/lang/NoSuchMethodError'{0x0000000711bd8218}: 'long java.lang.invoke.DirectMethodHandle$Holder.invokeStatic(java.lang.Object, long, long)'> (0x0000000711bd8218) 
thrown [s\src\hotspot\share\interpreter\linkResolver.cpp, line 804]
Event: 1.082 Thread 0x000002665bbb5780 Exception <a 'java/lang/NoSuchMethodError'{0x000000071180b070}: 'java.lang.Object java.lang.invoke.DirectMethodHandle$Holder.newInvokeSpecial(java.lang.Object, int, java.lang.Object)'> (0x000000071180b070) 
thrown [s\src\hotspot\share\interpreter\linkResolver.cpp, line 804]
Event: 1.190 Thread 0x000002665bbb5780 Exception <a 'java/lang/NoSuchMethodError'{0x0000000711894218}: 'void java.lang.invoke.DelegatingMethodHandle$Holder.reinvoke_L(java.lang.Object, java.lang.Object, java.lang.Object, long, float)'> (0x0000000711894218) 
thrown [s\src\hotspot\share\interpreter\linkResolver.cpp, line 804]
Event: 1.202 Thread 0x000002665bbb5780 Exception <a 'java/lang/NoSuchMethodError'{0x00000007118ac478}: 'java.lang.Object java.lang.invoke.DirectMethodHandle$Holder.invokeStatic(java.lang.Object, java.lang.Object, java.lang.Object, java.lang.Object, long)'> (0x00000007118ac478) 
thrown [s\src\hotspot\share\interpreter\linkResolver.cpp, line 804]
Event: 1.208 Thread 0x000002665bbb5780 Exception <a 'java/lang/NoSuchMethodError'{0x00000007118ce518}: 'float java.lang.invoke.DelegatingMethodHandle$Holder.reinvoke_L(java.lang.Object, java.lang.Object, java.lang.Object, long)'> (0x00000007118ce518) 
thrown [s\src\hotspot\share\interpreter\linkResolver.cpp, line 804]
Event: 1.285 Thread 0x000002660476dfa0 Exception <a 'java/lang/NoSuchMethodError'{0x0000000711ffb740}: 'void java.lang.invoke.DirectMethodHandle$Holder.invokeVirtual(java.lang.Object, java.lang.Object)'> (0x0000000711ffb740) 
thrown [s\src\hotspot\share\interpreter\linkResolver.cpp, line 804]
Event: 1.322 Thread 0x000002665bbb5780 Exception <a 'java/lang/NoSuchMethodError'{0x000000071170f2b8}: 'void java.lang.invoke.DirectMethodHandle$Holder.invokeStaticInit(java.lang.Object)'> (0x000000071170f2b8) 
thrown [s\src\hotspot\share\interpreter\linkResolver.cpp, line 804]
Event: 1.490 Thread 0x000002665bbb5780 Exception <a 'java/lang/NoSuchMethodError'{0x0000000711758be8}: 'int java.lang.invoke.DirectMethodHandle$Holder.invokeStatic(java.lang.Object)'> (0x0000000711758be8) 
thrown [s\src\hotspot\share\interpreter\linkResolver.cpp, line 804]
Event: 3.190 Thread 0x000002665bbb5780 Exception <a 'java/lang/ClassNotFoundException'{0x000000071148ac88}: com/sun/java/swing/plaf/windows/resources/spi/windowsProvider> (0x000000071148ac88) 
thrown [s\src\hotspot\share\classfile\systemDictionary.cpp, line 327]
Event: 3.202 Thread 0x000002665bbb5780 Exception <a 'java/lang/NoSuchMethodError'{0x0000000711499398}: 'java.lang.Object java.lang.invoke.DirectMethodHandle$Holder.invokeStatic(java.lang.Object, java.lang.Object, int, java.lang.Object)'> (0x0000000711499398) 
thrown [s\src\hotspot\share\interpreter\linkResolver.cpp, line 804]
Event: 3.207 Thread 0x000002665bbb5780 Exception <a 'java/lang/NoSuchMethodError'{0x00000007114a8bd8}: 'java.lang.Object java.lang.invoke.DirectMethodHandle$Holder.newInvokeSpecial(java.lang.Object, java.lang.Object, int)'> (0x00000007114a8bd8) 
thrown [s\src\hotspot\share\interpreter\linkResolver.cpp, line 804]
Event: 5.553 Thread 0x0000026604b8b6f0 Exception <a 'java/lang/NoSuchMethodError'{0x0000000710a62820}: 'java.lang.Object java.lang.invoke.DirectMethodHandle$Holder.invokeInterface(java.lang.Object, java.lang.Object)'> (0x0000000710a62820) 
thrown [s\src\hotspot\share\interpreter\linkResolver.cpp, line 804]
Event: 5.642 Thread 0x0000026604b8b6f0 Exception <a 'java/lang/NoSuchMethodError'{0x00000007108fc810}: 'void java.lang.invoke.DirectMethodHandle$Holder.invokeStatic(java.lang.Object, java.lang.Object, java.lang.Object)'> (0x00000007108fc810) 
thrown [s\src\hotspot\share\interpreter\linkResolver.cpp, line 804]
Event: 5.654 Thread 0x0000026604b8b6f0 Exception <a 'java/lang/NoSuchMethodError'{0x0000000710928958}: 'java.lang.Object java.lang.invoke.DirectMethodHandle$Holder.invokeVirtual(java.lang.Object, java.lang.Object, java.lang.Object)'> (0x0000000710928958) 
thrown [s\src\hotspot\share\interpreter\linkResolver.cpp, line 804]
Event: 26.871 Thread 0x0000026604b8b6f0 Exception <a 'java/net/ConnectException'{0x00000007107bbd40}: Connection timed out: connect> (0x00000007107bbd40) 
thrown [s\src\hotspot\share\prims\jni.cpp, line 534]
Event: 31.870 Thread 0x0000026604b8b6f0 Exception <a 'java/lang/NullPointerException'{0x00000007104f0380}> (0x00000007104f0380) 
thrown [s\src\hotspot\share\interpreter\linkResolver.cpp, line 1522]
Event: 31.871 Thread 0x0000026604b8b6f0 Exception <a 'java/lang/NullPointerException'{0x00000007104f0e88}> (0x00000007104f0e88) 
thrown [s\src\hotspot\share\interpreter\linkResolver.cpp, line 1416]

VM Operations (20 events):
Event: 5.505 Executing non-safepoint VM operation: HandshakeAllThreads (Deoptimize)
Event: 5.506 Executing non-safepoint VM operation: HandshakeAllThreads (Deoptimize) done
Event: 5.506 Executing non-safepoint VM operation: HandshakeAllThreads (Deoptimize)
Event: 5.506 Executing non-safepoint VM operation: HandshakeAllThreads (Deoptimize) done
Event: 5.512 Executing non-safepoint VM operation: HandshakeAllThreads (Deoptimize)
Event: 5.512 Executing non-safepoint VM operation: HandshakeAllThreads (Deoptimize) done
Event: 5.514 Executing non-safepoint VM operation: HandshakeAllThreads (Deoptimize)
Event: 5.515 Executing non-safepoint VM operation: HandshakeAllThreads (Deoptimize) done
Event: 5.525 Executing non-safepoint VM operation: HandshakeAllThreads (Deoptimize)
Event: 5.525 Executing non-safepoint VM operation: HandshakeAllThreads (Deoptimize) done
Event: 26.898 Executing non-safepoint VM operation: HandshakeAllThreads (Deoptimize)
Event: 26.898 Executing non-safepoint VM operation: HandshakeAllThreads (Deoptimize) done
Event: 60.083 Executing non-safepoint VM operation: HandshakeAllThreads (HandshakeForDeflation)
Event: 60.083 Executing non-safepoint VM operation: HandshakeAllThreads (HandshakeForDeflation) done
Event: 60.083 Executing non-safepoint VM operation: RendezvousGCThreads
Event: 60.083 Executing non-safepoint VM operation: RendezvousGCThreads done
Event: 8298.772 Executing non-safepoint VM operation: HandshakeAllThreads (HandshakeForDeflation)
Event: 8298.772 Executing non-safepoint VM operation: HandshakeAllThreads (HandshakeForDeflation) done
Event: 8298.773 Executing non-safepoint VM operation: RendezvousGCThreads
Event: 8298.773 Executing non-safepoint VM operation: RendezvousGCThreads done

Memory protections (0 events):
No events

Nmethod flushes (0 events):
No events

Events (20 events):
Event: 0.105 Thread 0x000002665bbb5780 Thread added: 0x000002667b31d890
Event: 0.106 Thread 0x000002665bbb5780 Thread added: 0x000002667b325ec0
Event: 0.199 Thread 0x000002665bbb5780 Thread added: 0x000002667b2f27b0
Event: 0.205 Thread 0x000002665bbb5780 Thread added: 0x000002660404b720
Event: 0.270 Thread 0x000002667b31d890 Thread added: 0x00000266041134b0
Event: 0.711 Thread 0x000002665bbb5780 Thread added: 0x00000266047b38e0
Event: 0.713 Thread 0x000002665bbb5780 Thread added: 0x000002660476cfd0
Event: 0.720 Thread 0x000002665bbb5780 Thread added: 0x000002660476dfa0
Event: 0.748 Thread 0x00000266041134b0 Thread exited: 0x00000266041134b0
Event: 0.966 Thread 0x000002665bbb5780 Thread added: 0x000002660459f9c0
Event: 1.230 Thread 0x000002665bbb5780 Thread added: 0x0000026604b8b6f0
Event: 3.492 Thread 0x000002667b325ec0 Thread added: 0x0000026604cd5420
Event: 4.243 Thread 0x0000026604cd5420 Thread exited: 0x0000026604cd5420
Event: 5.507 Thread 0x0000026604b8b6f0 Thread added: 0x0000026604aea2f0
Event: 5.574 Thread 0x000002667b31d890 Thread added: 0x00000266049a6b40
Event: 5.621 Thread 0x000002667b325ec0 Thread added: 0x0000026604678290
Event: 6.211 Thread 0x0000026604678290 Thread exited: 0x0000026604678290
Event: 6.236 Thread 0x00000266049a6b40 Thread exited: 0x00000266049a6b40
Event: 8.895 Thread 0x000002660459f9c0 Thread exited: 0x000002660459f9c0
Event: 26.975 Thread 0x0000026604b8b6f0 Thread added: 0x000002660476bc60


Dynamic libraries:
0x00007ff75d370000 - 0x00007ff75d37e000 	C:\Program Files\Apache NetBeans\jdk\bin\java.exe
0x00007ffc203c0000 - 0x00007ffc20626000 	C:\WINDOWS\SYSTEM32\ntdll.dll
0x00007ffc1f450000 - 0x00007ffc1f519000 	C:\WINDOWS\System32\KERNEL32.DLL
0x00007ffc1d690000 - 0x00007ffc1da8e000 	C:\WINDOWS\System32\KERNELBASE.dll
0x00007ffc1ded0000 - 0x00007ffc1e01c000 	C:\WINDOWS\System32\ucrtbase.dll
0x00007ffbf93f0000 - 0x00007ffbf9406000 	C:\Program Files\Apache NetBeans\jdk\bin\jli.dll
0x00007ffc019b0000 - 0x00007ffc019ce000 	C:\Program Files\Apache NetBeans\jdk\bin\VCRUNTIME140.dll
0x00007ffc1f280000 - 0x00007ffc1f447000 	C:\WINDOWS\System32\USER32.dll
0x00007ffc1dce0000 - 0x00007ffc1dd07000 	C:\WINDOWS\System32\win32u.dll
0x00007ffc035f0000 - 0x00007ffc03882000 	C:\WINDOWS\WinSxS\amd64_microsoft.windows.common-controls_6595b64144ccf1df_6.0.26100.8875_none_3e0d5d42e32fe9dd\COMCTL32.dll
0x00007ffc201b0000 - 0x00007ffc201db000 	C:\WINDOWS\System32\GDI32.dll
0x00007ffc1e0f0000 - 0x00007ffc1e199000 	C:\WINDOWS\System32\msvcrt.dll
0x00007ffc1dd10000 - 0x00007ffc1de3a000 	C:\WINDOWS\System32\gdi32full.dll
0x00007ffc1d5e0000 - 0x00007ffc1d683000 	C:\WINDOWS\System32\msvcp_win.dll
0x00007ffc1eeb0000 - 0x00007ffc1eee2000 	C:\WINDOWS\System32\IMM32.DLL
0x00007ffc19d20000 - 0x00007ffc19d2c000 	C:\Program Files\Apache NetBeans\jdk\bin\vcruntime140_1.dll
0x00007ffba98a0000 - 0x00007ffba992d000 	C:\Program Files\Apache NetBeans\jdk\bin\msvcp140.dll
0x00007ffb24f20000 - 0x00007ffb25e46000 	C:\Program Files\Apache NetBeans\jdk\bin\server\jvm.dll
0x00007ffc20270000 - 0x00007ffc20327000 	C:\WINDOWS\System32\ADVAPI32.dll
0x00007ffc1efd0000 - 0x00007ffc1f07a000 	C:\WINDOWS\System32\sechost.dll
0x00007ffc20040000 - 0x00007ffc20158000 	C:\WINDOWS\System32\RPCRT4.dll
0x00007ffc201e0000 - 0x00007ffc20260000 	C:\WINDOWS\System32\WS2_32.dll
0x00007ffc1d440000 - 0x00007ffc1d49e000 	C:\WINDOWS\SYSTEM32\POWRPROF.dll
0x00007ffc02040000 - 0x00007ffc02076000 	C:\WINDOWS\SYSTEM32\WINMM.dll
0x00007ffc0e910000 - 0x00007ffc0e91b000 	C:\WINDOWS\SYSTEM32\VERSION.dll
0x00007ffc1d420000 - 0x00007ffc1d434000 	C:\WINDOWS\SYSTEM32\UMPDC.dll
0x00007ffc1c280000 - 0x00007ffc1c29b000 	C:\WINDOWS\SYSTEM32\kernel.appcore.dll
0x00007ffbfb1c0000 - 0x00007ffbfb1ca000 	C:\Program Files\Apache NetBeans\jdk\bin\jimage.dll
0x00007ffc1aa40000 - 0x00007ffc1ac82000 	C:\WINDOWS\SYSTEM32\DBGHELP.DLL
0x00007ffc1f600000 - 0x00007ffc1f983000 	C:\WINDOWS\System32\combase.dll
0x00007ffc1eef0000 - 0x00007ffc1efc9000 	C:\WINDOWS\System32\OLEAUT32.dll
0x00007ffbff1c0000 - 0x00007ffbff1fb000 	C:\WINDOWS\SYSTEM32\dbgcore.DLL
0x00007ffc1e030000 - 0x00007ffc1e0dc000 	C:\WINDOWS\System32\bcryptPrimitives.dll
0x00007ffbf9420000 - 0x00007ffbf943e000 	C:\Program Files\Apache NetBeans\jdk\bin\java.dll
0x00007ffc1e220000 - 0x00007ffc1e3b9000 	C:\WINDOWS\System32\ole32.dll
0x00007ffc1e710000 - 0x00007ffc1eea2000 	C:\WINDOWS\System32\SHELL32.dll
0x00007ffc1b060000 - 0x00007ffc1b8f2000 	C:\WINDOWS\SYSTEM32\windows.storage.dll
0x00007ffc1ff40000 - 0x00007ffc20037000 	C:\WINDOWS\System32\SHCORE.dll
0x00007ffc1f110000 - 0x00007ffc1f177000 	C:\WINDOWS\System32\shlwapi.dll
0x00007ffc1d500000 - 0x00007ffc1d529000 	C:\WINDOWS\SYSTEM32\profapi.dll
0x00007ffbe9820000 - 0x00007ffbe9831000 	C:\Program Files\Apache NetBeans\jdk\bin\net.dll
0x00007ffc1c810000 - 0x00007ffc1c87c000 	C:\WINDOWS\system32\mswsock.dll
0x00007ffbe7f90000 - 0x00007ffbe7fa6000 	C:\Program Files\Apache NetBeans\jdk\bin\nio.dll
0x00007ffbe9860000 - 0x00007ffbe9877000 	C:\Program Files\Apache NetBeans\jdk\bin\zip.dll
0x00007ffbf9300000 - 0x00007ffbf9309000 	C:\Program Files\Apache NetBeans\jdk\bin\extnet.dll
0x00007ffb77eb0000 - 0x00007ffb78030000 	C:\Program Files\Apache NetBeans\jdk\bin\awt.dll
0x00007ffc19e40000 - 0x00007ffc19ee0000 	C:\WINDOWS\SYSTEM32\apphelp.dll
0x00007ffc1a120000 - 0x00007ffc1a1c9000 	C:\WINDOWS\system32\uxtheme.dll
0x00007ffc1e3c0000 - 0x00007ffc1e51d000 	C:\WINDOWS\System32\MSCTF.dll
0x00007ffc1a3d0000 - 0x00007ffc1a3ff000 	C:\WINDOWS\system32\DWMAPI.DLL
0x00007ffb8c8b0000 - 0x00007ffb8c937000 	C:\Program Files\Apache NetBeans\jdk\bin\freetype.dll
0x00007ffb8c0f0000 - 0x00007ffb8c1df000 	C:\Program Files\Apache NetBeans\jdk\bin\fontmanager.dll
0x00007ffb8bf20000 - 0x00007ffb8c02c000 	C:\WINDOWS\system32\opengl32.dll
0x00007ffbfbdc0000 - 0x00007ffbfbded000 	C:\WINDOWS\SYSTEM32\GLU32.dll
0x00007ffc1a420000 - 0x00007ffc1a466000 	C:\WINDOWS\SYSTEM32\dxcore.dll
0x00007ffc047d0000 - 0x00007ffc04917000 	C:\WINDOWS\SYSTEM32\textinputframework.dll
0x00007ffbee6c0000 - 0x00007ffbee733000 	C:\WINDOWS\system32\Oleacc.dll
0x00007ffc19a40000 - 0x00007ffc19b65000 	C:\WINDOWS\SYSTEM32\CoreMessaging.dll
0x00007ffc15a00000 - 0x00007ffc15ce4000 	C:\WINDOWS\SYSTEM32\CoreUIComponents.dll
0x00007ffc167c0000 - 0x00007ffc1692a000 	C:\WINDOWS\SYSTEM32\wintypes.dll
0x00007ffc1ca80000 - 0x00007ffc1ca8c000 	C:\WINDOWS\SYSTEM32\CRYPTBASE.DLL
0x00007ffbfad70000 - 0x00007ffbfae25000 	C:\WINDOWS\WinSxS\amd64_microsoft.windows.common-controls_6595b64144ccf1df_5.82.26100.8328_none_87eede957a2ccddd\comctl32.dll

JVMTI agents: none

dbghelp: loaded successfully - version: 4.0.5 - missing functions: none
symbol engine: initialized successfully - sym options: 0x614 - pdb path: .;C:\Program Files\Apache NetBeans\jdk\bin;C:\WINDOWS\SYSTEM32;C:\WINDOWS\WinSxS\amd64_microsoft.windows.common-controls_6595b64144ccf1df_6.0.26100.8875_none_3e0d5d42e32fe9dd;C:\Program Files\Apache NetBeans\jdk\bin\server;C:\WINDOWS\WinSxS\amd64_microsoft.windows.common-controls_6595b64144ccf1df_5.82.26100.8328_none_87eede957a2ccddd

VM Arguments:
jvm_args: -Dfile.encoding=UTF-8 
java_command: Inicio.SingleInstanceApp
java_class_path (initial): C:\Users\Jorge Luis\Documents\NetBeansProjects\Angels_Paraiso\lib\Util.jar;C:\Users\Jorge Luis\Documents\NetBeansProjects\Angels_Paraiso\lib\absolutelayout\AbsoluteLayout.jar;C:\Users\Jorge Luis\Documents\NetBeansProjects\Angels_Paraiso\lib\mysql-connector-java-8.0.17.jar;C:\Users\Jorge Luis\Documents\NetBeansProjects\Angels_Paraiso\lib\commons-beanutils-1.8.0.jar;C:\Users\Jorge Luis\Documents\NetBeansProjects\Angels_Paraiso\lib\commons-digester-2.1.jar;C:\Users\Jorge Luis\Documents\NetBeansProjects\Angels_Paraiso\lib\commons-javaflow-20060411.jar;C:\Users\Jorge Luis\Documents\NetBeansProjects\Angels_Paraiso\lib\commons-logging-1.1.1.jar;C:\Users\Jorge Luis\Documents\NetBeansProjects\Angels_Paraiso\lib\groovy-all-2.0.1.jar;C:\Users\Jorge Luis\Documents\NetBeansProjects\Angels_Paraiso\lib\iText-2.1.7.js2.jar;C:\Users\Jorge Luis\Documents\NetBeansProjects\Angels_Paraiso\lib\log4j-1.2.15.jar;C:\Users\Jorge Luis\Documents\NetBeansProjects\Angels_Paraiso\lib\png-encoder-1.5.jar;C:\Users\Jorge Luis\Documents\NetBeansProjects\Angels_Paraiso\lib\xalan-2.7.1.jar;C:\Users\Jorge Luis\Documents\NetBeansProjects\Angels_Paraiso\lib\commons-collections4-4.1.jar;C:\Users\Jorge Luis\Documents\NetBeansProjects\Angels_Paraiso\lib\jasperreports-6.17.0.jar;C:\Users\Jorge Luis\Documents\NetBeansProjects\Angels_Paraiso\lib\jcalendar-1.3.3.jar;C:\Users\Jorge Luis\Documents\NetBeansProjects\Angels_Paraiso\lib\annotations-13.0.jar;C:\Users\Jorge Luis\Documents\NetBeansProjects\Angels_Paraiso\lib\gson-2.8.6.jar;C:\Users\Jorge Luis\Documents\NetBeansProjects\Angels_Paraiso\lib\jakarta.ws.rs-api-3.1.0.jar;C:\Users\Jorge Luis\Documents\NetBeansProjects\Angels_Paraiso\lib\javax.activation-api-1.2.0.jar;C:\Users\Jorge Luis\Documents\NetBeansProjects\Angels_Paraiso\lib\jaxb-api-2.3.0.jar;C:\Users\Jorge Luis\Documents\NetBeansProjects\Angels_Paraiso\lib\jersey-client-2.0.1.jar;C:\Users\Jorge Luis\Documents\NetBeansProjects\Angels_Paraiso\lib\jersey-common-2.0.1.jar;C:\Users\Jorge Luis\Documents\NetBeansProjects\Angels_Paraiso\lib\json-20180130.jar;C:\Users\Jorge Luis\Documents\NetBeansProjects\Angels_Paraiso\lib\kotlin-stdlib-1.4.10.jar;C:\Users\Jorge Luis\Documents\NetBeansProjects\Angels_Paraiso\lib\kotlin-stdlib-common-1.4.0.jar;C:\Users\Jorge Luis\Documents\NetBeansProjects\Angels_Paraiso\lib\okhttp-4.9.0.jar;C:\Users\Jorge Luis\Documents\NetBeansProjects\Angels_Paraiso\lib\okio-2.8.0.jar;C:\Users\Jorge Luis\Documents\NetBeansProjects\Angels_Paraiso\lib\resteasy-client-6.2.7.Final.jar;C:\Users\Jorge Luis\Documents\NetBeansProjects\Angels_Paraiso\lib\javax.ws.rs-api-2.0.jar;C:\Users\Jorge Luis\Documents\NetBeansProjects\Angels_Paraiso\lib\asm-all-repackaged-2.1.88.jar;C:\Users\Jorge Luis\Documents\NetBeansProjects\Angels_Paraiso\lib\cglib-2.1.88.jar;C:\Users\Jorge Luis\Documents\NetBeansProjects\Angels_Paraiso\lib\guava-14.0.1.jar;C:\Users\Jorge Luis\Documents\NetBeansProjects\Angels_Paraiso\lib\hk2-api-2.1.88.jar;C:\Users\Jorge Luis\Documents\NetBeansProjects\Angels_Paraiso\lib\hk2-locator-2.1.88.jar;C:\Users\Jorge Luis\Documents\NetBeansProjects\Angels_Paraiso\lib\hk2-utils-2.1.88.jar;C:\Users\Jorge Luis\Documents\NetBeansProjects\Angels_Paraiso\lib\javax.annotation-api-1.2.jar;C:\Users\Jorge Luis\Documents\NetBeansProjects\Angels_Paraiso\lib\javax.inject-2.1.88.jar;C:\Users\Jorge Luis\Documents\NetBeansProjects\Angels_Paraiso\lib\osgi-resource-locator-1.0.1.jar;C:\Users\Jorge Luis\Documents\NetBeansProjects\Angels_Paraiso\lib\serializer-2.7.2.jar;C:\Users\Jorge Luis\Documents\NetBeansProjects\Angels_Paraiso\build\classes
Launcher Type: SUN_STANDARD

[Global flags]
     intx CICompilerCount                          = 4                                         {product} {ergonomic}
     uint ConcGCThreads                            = 2                                         {product} {ergonomic}
     uint G1ConcRefinementThreads                  = 8                                         {product} {ergonomic}
   size_t G1HeapRegionSize                         = 2097152                                   {product} {ergonomic}
   size_t InitialHeapSize                          = 266338304                                 {product} {ergonomic}
   size_t MarkStackSize                            = 4194304                                   {product} {ergonomic}
   size_t MarkStackSizeMax                         = 536870912                                 {product} {ergonomic}
   size_t MaxHeapSize                              = 4255121408                                {product} {ergonomic}
   size_t MaxNewSize                               = 2552233984                                {product} {ergonomic}
   size_t MinHeapDeltaBytes                        = 2097152                                   {product} {ergonomic}
   size_t MinHeapSize                              = 8388608                                   {product} {ergonomic}
    uintx NonNMethodCodeHeapSize                   = 5832704                                {pd product} {ergonomic}
    uintx NonProfiledCodeHeapSize                  = 122945536                              {pd product} {ergonomic}
    uintx ProfiledCodeHeapSize                     = 122880000                              {pd product} {ergonomic}
    uintx ReservedCodeCacheSize                    = 251658240                              {pd product} {ergonomic}
     bool SegmentedCodeCache                       = true                                      {product} {ergonomic}
   size_t SoftMaxHeapSize                          = 4255121408                             {manageable} {ergonomic}
     bool UseCompressedOops                        = true                           {product lp64_product} {ergonomic}
     bool UseG1GC                                  = true                                      {product} {ergonomic}
     bool UseLargePagesIndividualAllocation        = false                                  {pd product} {ergonomic}

Logging:
Log output configuration:
 #0: stdout all=warning uptime,level,tags foldmultilines=false
 #1: stderr all=off uptime,level,tags foldmultilines=false

Release file:
IMPLEMENTOR="Eclipse Adoptium" 
IMPLEMENTOR_VERSION="Temurin-25.0.2+10" 
JAVA_RUNTIME_VERSION="25.0.2+10-LTS" 
JAVA_VERSION="25.0.2" 
JAVA_VERSION_DATE="2026-01-20" 
LIBC="default" 
MODULES="java.base java.compiler java.datatransfer java.xml java.prefs java.desktop java.instrument java.logging java.management java.security.sasl java.naming java.rmi java.management.rmi java.net.http java.scripting java.security.jgss java.transaction.xa java.sql java.sql.rowset java.xml.crypto java.se java.smartcardio jdk.accessibility jdk.internal.jvmstat jdk.attach jdk.charsets jdk.internal.opt jdk.zipfs jdk.compiler jdk.crypto.cryptoki jdk.crypto.ec jdk.crypto.mscapi jdk.dynalink jdk.internal.ed jdk.editpad jdk.internal.vm.ci jdk.graal.compiler jdk.graal.compiler.management jdk.hotspot.agent jdk.httpserver jdk.incubator.vector jdk.internal.le jdk.internal.md jdk.jartool jdk.javadoc jdk.jcmd jdk.management jdk.management.agent jdk.jconsole jdk.jdeps jdk.jdwp.agent jdk.jdi jdk.jfr jdk.jlink jdk.jpackage jdk.jshell jdk.jsobject jdk.jstatd jdk.localedata jdk.management.jfr jdk.naming.dns jdk.naming.rmi jdk.net jdk.nio.mapmode jdk.sctp jdk.security.auth jdk.security.jgss jdk.unsupported jdk.unsupported.desktop jdk.xml.dom" 
OS_ARCH="x86_64" 
OS_NAME="Windows" 
SOURCE=".:git:9e3c947043a4" 
BUILD_SOURCE="git:458965074606f027bd5afce2cfd5c1055dea0438"
BUILD_SOURCE_REPO="https://github.com/adoptium/temurin-build.git"
SOURCE_REPO="https://github.com/adoptium/jdk25u.git"
FULL_VERSION="25.0.2+10-LTS"
SEMANTIC_VERSION="25.0.2+10"
BUILD_INFO="OS: Windows Server 2022 Version: 10.0"
JVM_VARIANT="Hotspot"
JVM_VERSION="25.0.2+10-LTS"
IMAGE_TYPE="JDK"

Environment Variables:
PATH=C:\Python313\Scripts\;C:\Python313\;C:\Program Files\Common Files\Oracle\Java\javapath;C:\WINDOWS\system32;C:\WINDOWS;C:\WINDOWS\System32\Wbem;C:\WINDOWS\System32\WindowsPowerShell\v1.0\;C:\WINDOWS\System32\OpenSSH\;C:\Program Files (x86)\ZeroTier\One\;C:\Program Files\nodejs\;C:\ProgramData\chocolatey\bin;C:\Program Files\Git\cmd;C:\Dev\flutter_windows_3.29.0-stable\flutter\bin;C:\Program Files\Tailscale\;C:\Users\Jorge Luis\.local\bin;C:\Users\Jorge Luis\AppData\Local\Microsoft\WindowsApps;C:\Program Files\JetBrains\IntelliJ IDEA 2024.3.3\bin;;C:\Users\Jorge Luis\AppData\Local\Programs\Microsoft VS Code\bin;C:\Users\Jorge Luis\AppData\Roaming\npm;C:\Dev\flutter_windows_3.29.0-stable\flutter\bin;C:\Program Files\JetBrains\IntelliJ IDEA Community Edition 2025.1.2\bin;;C:\Users\Jorge Luis\AppData\Local\Programs\Antigravity\bin;C:\Users\Jorge Luis\AppData\Local\Programs\Antigravity IDE\bin;C:\Program Files\JetBrains\DataGrip 2026.1.3\bin;C:\Users\Jorge Luis\.bun\bin;C:\Program Files\Apache NetBeans\bin\
USERNAME=Jorge Luis
OS=Windows_NT
PROCESSOR_IDENTIFIER=Intel64 Family 6 Model 142 Stepping 12, GenuineIntel
TMP=C:\Users\JORGEL~1\AppData\Local\Temp
TEMP=C:\Users\JORGEL~1\AppData\Local\Temp




Compilation memory statistics disabled.

Periodic native trim disabled

---------------  S Y S T E M  ---------------

OS:
 Windows 11 , 64 bit Build 26100 (10.0.26100.8875)
OS uptime: 9 days 16:06 hours
Hyper-V role detected

CPU: total 8 (initial active 8) (4 cores per cpu, 2 threads per core) family 6 model 142 stepping 12 microcode 0x100, cx8, cmov, fxsr, ht, mmx, 3dnowpref, sse, sse2, sse3, ssse3, sse4.1, sse4.2, popcnt, lzcnt, tsc, tscinvbit, avx, avx2, aes, erms, clmul, bmi1, bmi2, adx, fma, vzeroupper, clflush, clflushopt, hv, rdtscp, f16c
Processor Information for the first 8 processors :
  Max Mhz: 2112, Current Mhz: 2112, Mhz Limit: 2112

Memory: 4k page, system-wide physical 16230M (1984M free)
TotalPageFile size 27494M (AvailPageFile size 6577M)
current process WorkingSet (physical memory assigned to process): 105M, peak: 107M
current process commit charge ("private bytes"): 365M, peak: 375M

vm_info: OpenJDK 64-Bit Server VM (25.0.2+10-LTS) for windows-amd64 JRE (25.0.2+10-LTS), built on 2026-01-20T00:00:00Z with MS VC++ 17.12 (VS2022)

END.
